Number of Runs,450

Direct 95% Percentile CI Width,180.0
Direct 95% Percentile CI Lower Bound,-40.0
Direct 95% Percentile CI Upper Bound,140.0

Bootstrap 95% Percentile CI Width,4.6452400857264315
Bootstrap 95% Percentile CI Lower Bound,22.542259914273565
Bootstrap 95% Percentile CI Upper Bound,27.187499999999996

Percentage Difference (%)
-64.28571428571429
-61.28364389233955
-56.9672131147541
-52.78450363196126
-44.89795918367347
-44.41176470588235
-42.77108433734939
-41.99395770392749
-41.717791411042946
-41.30434782608695
-40.94955489614243
-40.0
-39.11764705882353
-37.797619047619044
-37.5
-36.650485436893206
-36.15960099750624
-33.80281690140845
-32.97491039426524
-32.61648745519714
-28.668941979522184
-26.220614828209765
-23.625254582484725
-22.88135593220339
-22.682445759368836
-20.70240295748614
-19.471947194719473
-19.41747572815534
-14.859437751004014
-14.058956916099774
-13.617021276595745
-13.385826771653544
-12.10855949895616
-10.805084745762713
-10.31578947368421
-9.375
-9.367681498829041
-8.893709327548807
-8.817204301075268
-8.552631578947368
-8.461538461538462
-7.021791767554479
-6.205250596658711
-5.835543766578249
-5.026455026455026
-4.854368932038835
-4.231625835189309
-3.7135278514588856
-3.7037037037037033
-3.4229828850855744
-3.27455919395466
-2.955665024630542
-2.8846153846153846
-2.7431421446384037
-2.051282051282051
-1.7456359102244388
-1.2468827930174564
-1.2376237623762376
-0.2777777777777778
0.0
0.0
0.24691358024691357
0.48543689320388345
0.5361930294906166
1.015228426395939
1.2345679012345678
1.3262599469496021
1.4814814814814816
1.9138755980861244
2.0
3.523035230352303
3.783783783783784
4.282115869017632
4.336734693877551
4.422604422604422
5.958549222797927
6.701030927835052
6.760563380281689
6.8493150684931505
7.197943444730077
7.246376811594203
7.3604060913705585
8.02139037433155
9.253731343283581
9.58904109589041
9.6045197740113
9.649122807017543
9.919571045576408
10.174418604651162
10.451977401129943
10.48158640226629
10.662824207492795
10.764872521246458
10.966057441253264
11.1731843575419
11.51685393258427
11.666666666666666
12.039312039312039
12.162162162162163
12.20159151193634
12.566844919786096
12.600536193029491
12.684365781710916
12.727272727272727
12.753623188405797
12.912912912912914
12.962962962962962
12.962962962962962
13.031161473087819
13.056379821958458
13.105413105413104
13.243243243243244
13.352272727272727
13.424657534246576
14.156626506024098
14.285714285714285
14.417177914110429
14.836795252225517
15.060240963855422
15.151515151515152
15.384615384615385
15.542521994134898
15.561959654178676
15.58073654390935
15.59633027522936
15.709969788519636
15.745856353591158
15.760869565217392
15.966386554621847
15.976331360946746
16.071428571428573
16.091954022988507
16.15598885793872
16.17161716171617
16.272189349112427
16.28571428571429
16.473988439306357
16.71388101983003
16.86390532544379
16.867469879518072
16.99346405228758
17.01492537313433
17.117117117117118
17.16867469879518
17.220543806646525
17.352941176470587
17.464788732394364
17.611940298507463
17.647058823529413
17.663817663817664
17.75700934579439
17.88617886178862
18.06853582554517
18.443804034582133
18.6046511627907
18.711656441717793
18.784530386740332
18.84057971014493
19.21921921921922
19.25465838509317
19.256756756756758
19.287833827893174
19.287833827893174
19.375
19.375
19.402985074626866
19.52861952861953
19.653179190751445
19.82248520710059
19.865319865319865
20.0
20.061728395061728
20.066889632107024
20.10443864229765
20.118343195266274
20.238095238095237
20.52980132450331
20.597014925373134
20.710059171597635
20.710059171597635
20.710059171597635
20.74829931972789
20.783132530120483
20.84592145015106
20.869565217391305
20.8955223880597
21.19402985074627
21.238938053097346
21.25748502994012
21.35593220338983
21.38364779874214
21.548821548821547
21.55688622754491
21.62162162162162
21.700879765395893
21.714285714285715
22.0125786163522
22.126436781609197
22.18430034129693
22.188449848024316
22.418879056047196
22.424242424242426
22.525597269624573
22.525597269624573
22.55892255892256
22.71293375394322
22.781065088757398
22.796352583586625
22.865853658536587
22.884012539184955
22.89156626506024
22.981366459627328
22.981366459627328
23.14540059347181
23.364485981308412
23.391812865497073
23.636363636363637
23.745819397993312
23.809523809523807
23.809523809523807
23.91304347826087
23.91304347826087
23.961661341853034
24.050632911392405
24.107142857142858
24.210526315789473
24.262295081967213
24.610591900311526
24.69879518072289
24.825174825174827
24.924924924924923
25.0
25.08361204013378
25.08833922261484
25.357142857142854
25.513196480938415
25.525525525525527
25.666666666666664
25.85669781931464
26.551724137931032
26.5625
26.586102719033235
26.666666666666668
26.70807453416149
26.80722891566265
27.187499999999996
27.32919254658385
27.659574468085108
28.05755395683453
28.30188679245283
28.368794326241137
28.482972136222912
29.080118694362017
29.11392405063291
29.268292682926827
29.496402877697843
29.496402877697843
29.53020134228188
29.681978798586574
29.6969696969697
29.841269841269842
29.91202346041056
30.034129692832767
30.357142857142854
30.529595015576323
30.693069306930692
30.88235294117647
30.914826498422716
31.17283950617284
31.19266055045872
31.88854489164087
32.014388489208635
32.33333333333333
32.73809523809524
32.851985559566785
33.33333333333333
33.33333333333333
33.33333333333333
34.07643312101911
34.24657534246575
34.59119496855346
34.707903780068726
34.83483483483483
34.98542274052478
35.051546391752574
35.051546391752574
35.13513513513514
35.39518900343643
35.483870967741936
35.56851311953353
35.96491228070175
36.52482269503546
36.74121405750799
36.82539682539683
36.84210526315789
37.0
37.09090909090909
37.29372937293729
37.6271186440678
37.74834437086093
38.19444444444444
38.333333333333336
38.513513513513516
38.59060402684564
38.613861386138616
38.61671469740634
38.87043189368771
38.92857142857143
39.261744966442954
39.40397350993378
39.46488294314381
40.069686411149824
40.19607843137255
40.33898305084746
40.397350993377486
40.468227424749166
40.476190476190474
40.54054054054054
40.666666666666664
40.67796610169492
40.689655172413794
40.87591240875913
41.01694915254237
41.07142857142857
41.07744107744108
41.1371237458194
41.19601328903654
41.21621621621622
41.23711340206185
41.41414141414141
41.44144144144144
41.522491349480966
41.61073825503356
41.69491525423729
41.724137931034484
41.935483870967744
42.04946996466431
42.06896551724138
42.12328767123288
42.66211604095563
42.805755395683455
42.95774647887324
42.96675191815857
43.003412969283275
43.24324324324324
43.344709897610926
43.43434343434344
43.53741496598639
43.55400696864111
43.66197183098591
43.682310469314075
43.95973154362416
44.21768707482993
44.48275862068966
44.56140350877193
44.56140350877193
44.565217391304344
44.60431654676259
44.78114478114478
44.83985765124555
44.927536231884055
44.966442953020135
45.033112582781456
45.16129032258064
45.39249146757679
45.55160142348754
45.70446735395189
45.936395759717314
46.04810996563574
46.478873239436616
46.50349650349651
46.57534246575342
46.93877551020408
46.97986577181208
47.27891156462585
47.44027303754266
47.46376811594203
47.53521126760563
47.53521126760563
47.70318021201413
47.73519163763066
47.75086505190311
48.07017543859649
48.226950354609926
48.375451263537904
48.43205574912892
48.55072463768116
48.58156028368794
48.9051094890511
48.92857142857142
48.95104895104895
49.09747292418773
49.11032028469751
49.122807017543856
49.27007299270073
49.64028776978417
49.81818181818182
49.824561403508774
49.82698961937716
50.0
50.0
50.5338078291815
50.53763440860215
50.689655172413794
50.70921985815603
51.26582278481012
51.272727272727266
51.48148148148148
51.77304964539007
52.38095238095239
53.191489361702125
54.51263537906137
54.74452554744526
59.43877551020408
60.72727272727273
64.38356164383562
74.91039426523297
75.83081570996978
77.7027027027027
78.44311377245509
79.90654205607477
79.93920972644378
82.11143695014663
82.6219512195122
83.03030303030303
83.25991189427313
88.33922261484098
90.7051282051282
100.48543689320388
102.87081339712918
118.87417218543047
121.53284671532847
124.27745664739885
129.23976608187135
130.2857142857143
132.58426966292134
135.22727272727272
135.5421686746988
140.0
140.8284023668639
141.31736526946108
143.50282485875707
144.0677966101695
146.242774566474
146.9879518072289
148.4848484848485
149.69325153374234
154.76190476190476
155.08982035928142
156.9767441860465
