Number of Runs,2499

Direct 95% Percentile CI Width,15.868776161344142
Direct 95% Percentile CI Lower Bound,2.0446096654275094
Direct 95% Percentile CI Upper Bound,17.913385826771652

Bootstrap 95% Percentile CI Width,0.4639087504256043
Bootstrap 95% Percentile CI Lower Bound,8.712121212121213
Bootstrap 95% Percentile CI Upper Bound,9.176029962546817

Percentage Difference (%)
-12.288786482334869
-10.973724884080372
-8.860759493670885
-5.723905723905724
-3.0303030303030303
-2.5044722719141324
-2.4691358024691357
-1.5789473684210527
-0.5357142857142857
-0.34071550255536626
-0.34071550255536626
-0.17761989342806395
0.17331022530329288
0.17921146953405018
0.18315018315018314
0.18315018315018314
0.18587360594795538
0.3552397868561279
0.36363636363636365
0.3766478342749529
0.5319148936170213
0.5454545454545455
0.7117437722419928
0.7285974499089253
0.7518796992481203
0.7518796992481203
0.9107468123861567
0.9140767824497258
1.0889292196007259
1.0968921389396709
1.098901098901099
1.1029411764705883
1.107011070110701
1.2455516014234875
1.4311270125223614
1.4678899082568808
1.4678899082568808
1.5985790408525755
1.6042780748663104
1.6423357664233578
1.6483516483516485
1.651376146788991
1.6635859519408502
1.6635859519408502
1.6635859519408502
1.7857142857142856
1.7889087656529516
1.7985611510791366
1.8382352941176472
1.8450184501845017
1.8484288354898337
1.8835616438356164
2.0
2.0183486238532113
2.0183486238532113
2.0183486238532113
2.0220588235294117
2.029520295202952
2.029520295202952
2.033271719038817
2.037037037037037
2.0408163265306123
2.0446096654275094
2.0754716981132075
2.142857142857143
2.2018348623853212
2.2181146025878005
2.2222222222222223
2.2222222222222223
2.2222222222222223
2.2222222222222223
2.2263450834879404
2.2429906542056073
2.3255813953488373
2.338129496402878
2.355072463768116
2.389705882352941
2.3985239852398523
2.4029574861367835
2.4029574861367835
2.411873840445269
2.4866785079928952
2.5044722719141324
2.540834845735027
2.5735294117647056
2.5830258302583027
2.5830258302583027
2.5878003696857674
2.5925925925925926
2.5974025974025974
2.5974025974025974
2.6022304832713754
2.6119402985074625
2.6119402985074625
2.6615969581749046
2.6929982046678633
2.7472527472527473
2.7573529411764706
2.7624309392265194
2.7881040892193307
2.798507462686567
2.798507462686567
2.857142857142857
2.857142857142857
2.909090909090909
2.914389799635701
2.9197080291970803
2.9465930018416207
2.957486136783734
2.9629629629629632
2.9629629629629632
2.97951582867784
2.990654205607477
2.990654205607477
2.990654205607477
3.0018761726078798
3.0534351145038165
3.0575539568345325
3.0852994555353903
3.096539162112933
3.096539162112933
3.10077519379845
3.1078610603290677
3.1135531135531136
3.1307550644567224
3.1307550644567224
3.153988868274583
3.153988868274583
3.177570093457944
3.177570093457944
3.177570093457944
3.189493433395872
3.2015065913371
3.207547169811321
3.237410071942446
3.260869565217391
3.260869565217391
3.2846715328467155
3.2906764168190126
3.296703296703297
3.314917127071823
3.3271719038817005
3.3333333333333335
3.339517625231911
3.35195530726257
3.3582089552238807
3.3707865168539324
3.3707865168539324
3.377110694183865
3.3834586466165413
3.3834586466165413
3.3962264150943398
3.4111310592459607
3.41726618705036
3.429602888086643
3.4482758620689653
3.4482758620689653
3.473491773308958
3.473491773308958
3.4926470588235294
3.505535055350553
3.512014787430684
3.512014787430684
3.512014787430684
3.5185185185185186
3.551401869158879
3.551401869158879
3.5523978685612785
3.564727954971857
3.564727954971857
3.5849056603773586
3.5916824196597354
3.6053130929791273
3.642987249544627
3.64963503649635
3.64963503649635
3.656307129798903
3.656307129798903
3.669724770642202
3.669724770642202
3.669724770642202
3.6764705882352944
3.6764705882352944
3.6900369003690034
3.6900369003690034
3.6900369003690034
3.7037037037037033
3.7037037037037033
3.731343283582089
3.75234521575985
3.75234521575985
3.75234521575985
3.7593984962406015
3.7593984962406015
3.7593984962406015
3.7593984962406015
3.766478342749529
3.766478342749529
3.780718336483932
3.787878787878788
3.787878787878788
3.787878787878788
3.787878787878788
3.790613718411552
3.795066413662239
3.79746835443038
3.8181818181818183
3.8461538461538463
3.860294117647059
3.860294117647059
3.860294117647059
3.860294117647059
3.867403314917127
3.8745387453874542
3.888888888888889
3.896103896103896
3.896103896103896
3.896103896103896
3.896103896103896
3.910614525139665
3.925233644859813
3.932584269662921
3.954802259887006
3.9622641509433962
3.977272727272727
3.977272727272727
3.984819734345351
3.9923954372623576
4.007633587786259
4.021937842778794
4.022988505747127
4.030710172744722
4.038461538461538
4.044117647058823
4.051565377532229
4.059040590405904
4.059040590405904
4.066543438077634
4.066543438077634
4.074074074074074
4.089219330855019
4.093567251461988
4.0968342644320295
4.104477611940299
4.112149532710281
4.119850187265917
4.121863799283155
4.127579737335835
4.127579737335835
4.158790170132325
4.158790170132325
4.182509505703422
4.189435336976321
4.212454212454213
4.21455938697318
4.220183486238533
4.227941176470589
4.23572744014733
4.251386321626617
4.2592592592592595
4.283054003724395
4.291044776119403
4.307116104868914
4.315196998123827
4.315196998123827
4.315196998123827
4.315196998123827
4.323308270676692
4.339622641509433
4.3478260869565215
4.3478260869565215
4.3478260869565215
4.364326375711575
4.364326375711575
4.3726235741444865
4.3726235741444865
4.37956204379562
4.380952380952381
4.387568555758683
4.387568555758683
4.395604395604396
4.4036697247706424
4.4036697247706424
4.411764705882353
4.41988950276243
4.428044280442804
4.428044280442804
4.428044280442804
4.436229205175601
4.436229205175601
4.436229205175601
4.436229205175601
4.4609665427509295
4.4692737430167595
4.4692737430167595
4.477611940298507
4.485981308411215
4.50281425891182
4.519774011299435
4.528301886792453
4.536862003780719
4.537205081669692
4.537205081669692
4.545454545454546
4.545454545454546
4.545454545454546
4.545454545454546
4.554079696394687
4.562737642585551
4.562737642585551
4.587155963302752
4.587155963302752
4.595588235294118
4.595588235294118
4.6040515653775325
4.6040515653775325
4.606525911708253
4.612546125461255
4.612546125461255
4.615384615384616
4.621072088724584
4.621072088724584
4.62962962962963
4.62962962962963
4.638218923933209
4.646840148698884
4.655493482309125
4.664179104477612
4.66786355475763
4.693140794223827
4.693140794223827
4.6992481203007515
4.710144927536232
4.716981132075472
4.716981132075472
4.734848484848484
4.734848484848484
4.743833017077799
4.743833017077799
4.752851711026616
4.761904761904762
4.770642201834862
4.770992366412214
4.779411764705882
4.779411764705882
4.779411764705882
4.788213627992634
4.788213627992634
4.788213627992634
4.788213627992634
4.788213627992634
4.788213627992634
4.788213627992634
4.797047970479705
4.805914972273567
4.814814814814815
4.814814814814815
4.8169556840077075
4.83271375464684
4.850746268656716
4.873646209386282
4.914933837429111
4.921259842519685
4.933586337760911
4.933586337760911
4.942965779467681
4.945054945054945
4.9523809523809526
4.9523809523809526
4.963235294117647
4.963235294117647
4.963235294117647
4.97131931166348
4.981549815498155
4.981549815498155
4.990403071017274
4.990757855822551
4.990757855822551
4.990757855822551
5.0
5.009276437847866
5.009276437847866
5.009276437847866
5.009276437847866
5.018587360594796
5.037313432835821
5.046728971962617
5.046728971962617
5.054151624548736
5.072463768115942
5.09433962264151
5.113636363636364
5.128205128205128
5.133079847908745
5.137614678899083
5.137614678899083
5.142857142857142
5.147058823529411
5.147058823529411
5.147058823529411
5.152671755725191
5.156537753222836
5.156537753222836
5.166051660516605
5.166051660516605
5.1923076923076925
5.194805194805195
5.204460966542751
5.204460966542751
5.204460966542751
5.204460966542751
5.212355212355212
5.21415270018622
5.21415270018622
5.21415270018622
5.222437137330754
5.223880597014925
5.2434456928838955
5.253283302063791
5.253283302063791
5.283018867924529
5.291970802919708
5.291970802919708
5.293005671077505
5.303030303030303
5.313092979127135
5.323193916349809
5.323193916349809
5.330882352941177
5.330882352941177
5.333333333333334
5.3406998158379375
5.3406998158379375
5.350553505535055
5.350553505535055
5.350553505535055
5.350553505535055
5.350553505535055
5.360443622920517
5.360443622920517
5.37037037037037
5.37037037037037
5.37037037037037
5.37037037037037
5.380333951762523
5.380333951762523
5.380333951762523
5.384615384615385
5.390334572490707
5.400372439478584
5.400372439478584
5.410447761194029
5.410447761194029
5.420560747663552
5.420560747663552
5.434782608695652
5.451127819548872
5.4613935969868175
5.4613935969868175
5.4613935969868175
5.46448087431694
5.471698113207547
5.502846299810247
5.502846299810247
5.502846299810247
5.502846299810247
5.524861878453039
5.524861878453039
5.534351145038168
5.535055350553505
5.544933078393881
5.545286506469501
5.545286506469501
5.555555555555555
5.555555555555555
5.555555555555555
5.555555555555555
5.555555555555555
5.565862708719852
5.565862708719852
5.5762081784386615
5.5762081784386615
5.5762081784386615
5.58659217877095
5.597014925373134
5.607476635514018
5.607476635514018
5.639097744360902
5.649717514124294
5.660377358490567
5.663716814159292
5.692599620493358
5.698529411764706
5.7034220532319395
5.7034220532319395
5.70902394106814
5.714285714285714
5.719557195571956
5.719557195571956
5.719557195571956
5.730129390018484
5.730129390018484
5.730129390018484
5.730129390018484
5.730129390018484
5.7407407407407405
5.7407407407407405
5.7407407407407405
5.75139146567718
5.75139146567718
5.75139146567718
5.75139146567718
5.75139146567718
5.75139146567718
5.758157389635317
5.762081784386617
5.762081784386617
5.7657657657657655
5.772811918063315
5.7835820895522385
5.794392523364486
5.794392523364486
5.816135084427768
5.818181818181818
5.818181818181818
5.839416058394161
5.849056603773585
5.849056603773585
5.8601134215500945
5.871212121212121
5.871212121212121
5.871212121212121
5.871212121212121
5.871559633027523
5.88235294117647
5.88235294117647
5.893186003683241
5.893536121673003
5.893536121673003
5.904059040590406
5.904059040590406
5.904059040590406
5.914972273567468
5.914972273567468
5.914972273567468
5.9259259259259265
5.9259259259259265
5.927342256214149
5.936920222634509
5.936920222634509
5.936920222634509
5.936920222634509
5.936920222634509
5.936920222634509
5.936920222634509
5.936920222634509
5.938697318007663
5.938697318007663
5.947955390334572
5.947955390334572
5.947955390334572
5.950095969289827
5.95903165735568
5.95903165735568
5.95903165735568
5.95903165735568
5.970149253731343
5.9891107078039925
5.992509363295881
6.0037523452157595
6.0037523452157595
6.0109289617486334
6.015037593984962
6.0263653483992465
6.032906764168191
6.032906764168191
6.037735849056604
6.043956043956044
6.049149338374291
6.055045871559633
6.0606060606060606
6.0606060606060606
6.0606060606060606
6.077348066298343
6.083650190114068
6.111111111111111
6.111111111111111
6.111111111111111
6.118546845124283
6.118546845124283
6.118546845124283
6.122448979591836
6.122448979591836
6.126126126126126
6.130268199233716
6.133828996282528
6.133828996282528
6.133828996282528
6.142034548944338
6.145251396648044
6.145251396648044
6.156716417910448
6.156716417910448
6.16822429906542
6.16822429906542
6.16822429906542
6.16822429906542
6.16822429906542
6.203007518796992
6.203007518796992
6.203007518796992
6.214689265536723
6.214689265536723
6.2157221206581355
6.226415094339623
6.227106227106227
6.227106227106227
6.227106227106227
6.25
6.261859582542694
6.273062730627306
6.273764258555133
6.273764258555133
6.284658040665435
6.2857142857142865
6.296296296296296
6.296296296296296
6.309751434034416
6.309751434034416
6.319702602230483
6.319702602230483
6.319702602230483
6.319702602230483
6.319702602230483
6.321839080459771
6.321839080459771
6.33147113594041
6.343283582089552
6.355140186915888
6.355140186915888
6.358381502890173
6.367041198501873
6.370656370656371
6.375227686703097
6.382978723404255
6.39853747714808
6.4030131826742
6.41025641025641
6.415094339622642
6.415094339622642
6.415094339622642
6.451612903225806
6.451612903225806
6.4575645756457565
6.4575645756457565
6.4575645756457565
6.457925636007827
6.463195691202872
6.469500924214418
6.469500924214418
6.469500924214418
6.469500924214418
6.476190476190475
6.488549618320611
6.493506493506493
6.493506493506493
6.5009560229445515
6.5055762081784385
6.5055762081784385
6.517690875232775
6.517690875232775
6.525911708253358
6.529850746268656
6.529850746268656
6.5420560747663545
6.5543071161048685
6.5543071161048685
6.566604127579738
6.566604127579738
6.566604127579738
6.5764023210831715
6.578947368421052
6.601941747572816
6.60377358490566
6.605504587155964
6.607142857142858
6.614785992217899
6.61625708884688
6.61625708884688
6.61625708884688
6.61625708884688
6.61625708884688
6.61764705882353
6.628787878787879
6.628787878787879
6.641366223908918
6.641366223908918
6.642066420664207
6.654343807763401
6.654343807763401
6.679035250463822
6.679035250463822
6.691449814126393
6.691449814126393
6.691449814126393
6.692160611854685
6.692160611854685
6.70391061452514
6.7164179104477615
6.71785028790787
6.71785028790787
6.719367588932807
6.728971962616822
6.728971962616822
6.728971962616822
6.728971962616822
6.741573033707865
6.741573033707865
6.741573033707865
6.741573033707865
6.75422138836773
6.75422138836773
6.75422138836773
6.756756756756757
6.7669172932330826
6.7669172932330826
6.7669172932330826
6.7669172932330826
6.769825918762089
6.769825918762089
6.769825918762089
6.7765567765567765
6.779661016949152
6.779661016949152
6.782945736434108
6.7889908256880735
6.7924528301886795
6.805293005671078
6.8181818181818175
6.83111954459203
6.83111954459203
6.857142857142858
6.8645640074211505
6.8645640074211505
6.8645640074211505
6.8645640074211505
6.870229007633588
6.871609403254973
6.8762278978389
6.877323420074349
6.890130353817504
6.890130353817504
6.890130353817504
6.902985074626866
6.902985074626866
6.90978886756238
6.90978886756238
6.915887850467289
6.91699604743083
6.923076923076923
6.923076923076923
6.928838951310862
6.928838951310862
6.928838951310862
6.9364161849710975
6.941838649155723
6.941838649155723
6.954887218045112
6.954887218045112
6.954887218045112
6.954887218045112
6.963249516441006
6.96798493408663
6.96798493408663
6.96798493408663
6.96798493408663
6.990291262135923
6.998158379373849
6.998158379373849
7.007575757575757
7.007575757575757
7.007575757575757
7.017543859649122
7.020872865275142
7.020872865275142
7.020872865275142
7.0342205323193925
7.0342205323193925
7.0342205323193925
7.037037037037037
7.050092764378478
7.050092764378478
7.061068702290077
7.063197026022305
7.063197026022305
7.063197026022305
7.0745697896749515
7.0745697896749515
7.076350093109869
7.076350093109869
7.076350093109869
7.076350093109869
7.088122605363985
7.088122605363985
7.08955223880597
7.08955223880597
7.08955223880597
7.08955223880597
7.1017274472168905
7.102803738317758
7.115384615384615
7.116104868913857
7.129455909943714
7.129455909943714
7.129455909943714
7.142857142857142
7.142857142857142
7.142857142857142
7.142857142857142
7.1563088512241055
7.1563088512241055
7.157057654075547
7.169117647058823
7.169811320754717
7.169811320754717
7.169811320754717
7.169811320754717
7.169811320754717
7.170542635658915
7.18232044198895
7.184466019417475
7.195571955719557
7.196969696969697
7.199999999999999
7.208872458410351
7.208872458410351
7.2106261859582546
7.212475633528265
7.212475633528265
7.222222222222221
7.224334600760455
7.224334600760455
7.2265625
7.2265625
7.235621521335807
7.238095238095238
7.24907063197026
7.262569832402235
7.276119402985075
7.276119402985075
7.2796934865900385
7.2796934865900385
7.285974499089254
7.289719626168225
7.289719626168225
7.289719626168225
7.293666026871401
7.293666026871401
7.297830374753452
7.2992700729927
7.303370786516854
7.303370786516854
7.303370786516854
7.303370786516854
7.312614259597806
7.312614259597806
7.317073170731707
7.317073170731707
7.321772639691715
7.326007326007327
7.330827067669173
7.330827067669173
7.330827067669173
7.339449541284404
7.344632768361582
7.35009671179884
7.35009671179884
7.352941176470589
7.352941176470589
7.3584905660377355
7.3643410852713185
7.3643410852713185
7.372400756143667
7.380073800738007
7.380073800738007
7.386363636363637
7.386363636363637
7.393715341959335
7.400722021660649
7.4074074074074066
7.4074074074074066
7.4074074074074066
7.4074074074074066
7.4074074074074066
7.4074074074074066
7.4074074074074066
7.41444866920152
7.41444866920152
7.421150278293136
7.421875
7.434944237918216
7.434944237918216
7.442748091603053
7.4487895716946
7.45697896749522
7.45697896749522
7.485604606525912
7.485604606525912
7.485604606525912
7.490636704119851
7.495069033530571
7.5046904315197
7.5098814229249005
7.5098814229249005
7.5289575289575295
7.532956685499058
7.532956685499058
7.543520309477756
7.547169811320755
7.547169811320755
7.547169811320755
7.550644567219153
7.550644567219153
7.55813953488372
7.561436672967864
7.561436672967864
7.561436672967864
7.564575645756458
7.572815533980583
7.575757575757576
7.575757575757576
7.575757575757576
7.590132827324478
7.592592592592593
7.604562737642586
7.606679035250464
7.635009310986965
7.649253731343284
7.649253731343284
7.649253731343284
7.649253731343284
7.649253731343284
7.662835249042145
7.663551401869159
7.677165354330709
7.677543186180421
7.677543186180421
7.677543186180421
7.677902621722846
7.6923076923076925
7.6923076923076925
7.6923076923076925
7.6923076923076925
7.6923076923076925
7.7067669172932325
7.7067669172932325
7.7067669172932325
7.7067669172932325
7.7067669172932325
7.7071290944123305
7.7071290944123305
7.7071290944123305
7.721280602636535
7.735849056603773
7.735849056603773
7.738095238095238
7.7490774907749085
7.750472589792061
7.750472589792061
7.750472589792061
7.750472589792061
7.751937984496124
7.751937984496124
7.763401109057301
7.765151515151516
7.765151515151516
7.765151515151516
7.765151515151516
7.777777777777778
7.7798861480075905
7.782101167315175
7.806691449814126
7.809523809523809
7.82122905027933
7.8244274809160315
7.8277886497064575
7.8277886497064575
7.835820895522389
7.835820895522389
7.835820895522389
7.835820895522389
7.835820895522389
7.854406130268199
7.854406130268199
7.865168539325842
7.869481765834934
7.869481765834934
7.879924953095685
7.879924953095685
7.894736842105263
7.894736842105263
7.894736842105263
7.894736842105263
7.89980732177264
7.909604519774012
7.918968692449356
7.918968692449356
7.918968692449356
7.9245283018867925
7.9335793357933575
7.9395085066162565
7.9395085066162565
7.945736434108527
7.948243992606285
7.954545454545454
7.962962962962964
7.962962962962964
7.962962962962964
7.969639468690702
7.969639468690702
7.969639468690702
7.977736549165121
7.977736549165121
7.984790874524715
7.984790874524715
7.984790874524715
7.992202729044834
7.992565055762081
8.007448789571695
8.007448789571695
8.0078125
8.016032064128256
8.016032064128256
8.023483365949119
8.030592734225621
8.030592734225621
8.037383177570094
8.037383177570094
8.037383177570094
8.03921568627451
8.045977011494253
8.045977011494253
8.05243445692884
8.055009823182711
8.061420345489443
8.061420345489443
8.067542213883677
8.070866141732283
8.097928436911488
8.097928436911488
8.097928436911488
8.097928436911488
8.102766798418973
8.11320754716981
8.118081180811808
8.128544423440454
8.133086876155268
8.13953488372093
8.143939393939394
8.148148148148149
8.155339805825243
8.159392789373813
8.159392789373813
8.159392789373813
8.159392789373813
8.159392789373813
8.16326530612245
8.16326530612245
8.16326530612245
8.166969147005444
8.167330677290837
8.171206225680933
8.171206225680933
8.17490494296578
8.190476190476192
8.237547892720306
8.237547892720306
8.239700374531834
8.239700374531834
8.25515947467167
8.256880733944955
8.256880733944955
8.266129032258064
8.269230769230768
8.270676691729323
8.270676691729323
8.270676691729323
8.270676691729323
8.270676691729323
8.272058823529411
8.285163776493256
8.285163776493256
8.286252354048965
8.286252354048965
8.286252354048965
8.300395256916996
8.301158301158301
8.302583025830259
8.316831683168317
8.31758034026465
8.31758034026465
8.31758034026465
8.317929759704251
8.333333333333332
8.333333333333332
8.333333333333332
8.333333333333332
8.348794063079778
8.349146110056926
8.349146110056926
8.349146110056926
8.349146110056926
8.349514563106796
8.349514563106796
8.365019011406844
8.365019011406844
8.379888268156424
8.379888268156424
8.379888268156424
8.380952380952381
8.380952380952381
8.380952380952381
8.380952380952381
8.396946564885496
8.411214953271028
8.411214953271028
8.426966292134832
8.426966292134832
8.426966292134832
8.42911877394636
8.431372549019608
8.431372549019608
8.442776735459661
8.445297504798464
8.445297504798464
8.447937131630647
8.447937131630647
8.455882352941178
8.461538461538462
8.47457627118644
8.47457627118644
8.477842003853564
8.487084870848708
8.49056603773585
8.494208494208493
8.494208494208493
8.506616257088846
8.506616257088846
8.506616257088846
8.506616257088846
8.51063829787234
8.518518518518519
8.518518518518519
8.522727272727272
8.527131782945736
8.531746031746032
8.534322820037106
8.538899430740038
8.538899430740038
8.538899430740038
8.538899430740038
8.538899430740038
8.538899430740038
8.54368932038835
8.54368932038835
8.545454545454545
8.555133079847907
8.555133079847907
8.555133079847907
8.555133079847907
8.571428571428571
8.571428571428571
8.571428571428571
8.57699805068226
8.57699805068226
8.587786259541986
8.587786259541986
8.598130841121495
8.598130841121495
8.598130841121495
8.620689655172415
8.620689655172415
8.63970588235294
8.646616541353383
8.646616541353383
8.661417322834646
8.662900188323917
8.662900188323917
8.670520231213873
8.670520231213873
8.670520231213873
8.679245283018867
8.679245283018867
8.679245283018867
8.679245283018867
8.687258687258687
8.687258687258687
8.687258687258687
8.695652173913043
8.704061895551257
8.712121212121213
8.712121212121213
8.712121212121213
8.712121212121213
8.719851576994433
8.73015873015873
8.736059479553903
8.745247148288973
8.745247148288973
8.754863813229571
8.761904761904763
8.764940239043826
8.764940239043826
8.768656716417912
8.771929824561402
8.775510204081632
8.778625954198473
8.778625954198473
8.778625954198473
8.778625954198473
8.778625954198473
8.785046728971963
8.785046728971963
8.7890625
8.791208791208792
8.795411089866157
8.795411089866157
8.795411089866157
8.812260536398467
8.812260536398467
8.812260536398467
8.818011257035648
8.823529411764707
8.829174664107486
8.834586466165414
8.83977900552486
8.844765342960288
8.851224105461393
8.851224105461393
8.863198458574182
8.867924528301886
8.867924528301886
8.875739644970414
8.880308880308881
8.88468809073724
8.893280632411066
8.901515151515152
8.905380333951761
8.906882591093117
8.914728682170542
8.918406072106261
8.918406072106261
8.921933085501859
8.921933085501859
8.921933085501859
8.932038834951456
8.932038834951456
8.932038834951456
8.938547486033519
8.938547486033519
8.946322067594433
8.949416342412452
8.955223880597014
8.969465648854962
8.969465648854962
8.974358974358974
8.974358974358974
8.98661567877629
8.98661567877629
8.98661567877629
8.98876404494382
9.003831417624522
9.021113243761997
9.022556390977442
9.022556390977442
9.03954802259887
9.03954802259887
9.040590405904059
9.040590405904059
9.056603773584905
9.057301293900185
9.073359073359073
9.073724007561438
9.090909090909092
9.107468123861565
9.107806691449815
9.107806691449815
9.125475285171103
9.125475285171103
9.12621359223301
9.14179104477612
9.14179104477612
9.142857142857142
9.142857142857142
9.142857142857142
9.158878504672897
9.158878504672897
9.161793372319687
9.174311926605505
9.176029962546817
9.176029962546817
9.176029962546817
9.177820267686425
9.1796875
9.1796875
9.193245778611631
9.195402298850574
9.197651663405088
9.210526315789473
9.210526315789473
9.213051823416507
9.213051823416507
9.227871939736348
9.227871939736348
9.236947791164658
9.245283018867925
9.245283018867925
9.248554913294797
9.262759924385634
9.262759924385634
9.262759924385634
9.266409266409266
9.276437847866418
9.280303030303031
9.288537549407115
9.30232558139535
9.306930693069306
9.315589353612168
9.320388349514563
9.33852140077821
9.351145038167939
9.351145038167939
9.362549800796813
9.363295880149813
9.363295880149813
9.363295880149813
9.380863039399625
9.380863039399625
9.380863039399625
9.386973180076629
9.398496240601503
9.404990403071018
9.404990403071018
9.404990403071018
9.40959409594096
9.416195856873824
9.423076923076923
9.426987060998151
9.430255402750491
9.430255402750491
9.433962264150944
9.433962264150944
9.433962264150944
9.433962264150944
9.441233140655106
9.441233140655106
9.448818897637794
9.45945945945946
9.469696969696969
9.477756286266924
9.486166007905137
9.487666034155598
9.496124031007753
9.496124031007753
9.497206703910614
9.504950495049505
9.505703422053232
9.523809523809524
9.523809523809524
9.532710280373832
9.53307392996109
9.541984732824428
9.541984732824428
9.550561797752808
9.550561797752808
9.551656920077972
9.551656920077972
9.552845528455284
9.56175298804781
9.568480300187618
9.568480300187618
9.5703125
9.586466165413533
9.58904109589041
9.58904109589041
9.58904109589041
9.59409594095941
9.6
9.6045197740113
9.6045197740113
9.6045197740113
9.607843137254903
9.607843137254903
9.615384615384617
9.619238476953909
9.622641509433963
9.622641509433963
9.622641509433963
9.622641509433963
9.633911368015415
9.633911368015415
9.633911368015415
9.633911368015415
9.633911368015415
9.640831758034027
9.647495361781075
9.652509652509652
9.664694280078894
9.664694280078894
9.683426443202979
9.683794466403162
9.689922480620156
9.695817490494296
9.695817490494296
9.70873786407767
9.719626168224298
9.724770642201836
9.74155069582505
9.746588693957115
9.746588693957115
9.751434034416825
9.75609756097561
9.75609756097561
9.760589318600369
9.770114942528735
9.774436090225564
9.784735812133071
9.788867562380037
9.788867562380037
9.807692307692308
9.807692307692308
9.811320754716983
9.811320754716983
9.811320754716983
9.811320754716983
9.811320754716983
9.823182711198427
9.829867674858223
9.829867674858223
9.833024118738404
9.833024118738404
9.836065573770492
9.84251968503937
9.845559845559846
9.845559845559846
9.848484848484848
9.848484848484848
9.848484848484848
9.851301115241636
9.867172675521822
9.867172675521822
9.87202925045704
9.885931558935361
9.888059701492537
9.89010989010989
9.900990099009901
9.902912621359224
9.906542056074766
9.920634920634921
9.923664122137405
9.926470588235293
9.940357852882704
9.941520467836257
9.943714821763603
9.94475138121547
9.980430528375733
9.980430528375733
9.980430528375733
9.980806142034549
9.981167608286253
9.981167608286253
9.981167608286253
10.0
10.0
10.018214936247723
10.018552875695732
10.018552875695732
10.018552875695732
10.01926782273603
10.01926782273603
10.038610038610038
10.054844606946983
10.056925996204933
10.058027079303674
10.076045627376425
10.076045627376425
10.095238095238095
10.099009900990099
10.099009900990099
10.131332082551594
10.131332082551594
10.131332082551594
10.150375939849624
10.16949152542373
10.16949152542373
10.16949152542373
10.17274472168906
10.17274472168906
10.192307692307692
10.192307692307692
10.196078431372548
10.2
10.227272727272728
10.227272727272728
10.227272727272728
10.240963855421686
10.246679316888045
10.246679316888045
10.246679316888045
10.261194029850747
10.285714285714285
10.285714285714285
10.285714285714285
10.29126213592233
10.299625468164795
10.318949343339586
10.3515625
10.3515625
10.36468330134357
10.36468330134357
10.37037037037037
10.377358490566039
10.377358490566039
10.377358490566039
10.384615384615385
10.384615384615385
10.404624277456648
10.412573673870334
10.436432637571158
10.441767068273093
10.444874274661508
10.465116279069768
10.465116279069768
10.476190476190476
10.485436893203884
10.495049504950495
10.506566604127581
10.506566604127581
10.506566604127581
10.526315789473683
10.526315789473683
10.526315789473683
10.526315789473683
10.536044362292053
10.536779324055665
10.546139359698682
10.556621880998081
10.588235294117647
10.597302504816955
10.606060606060606
10.617760617760617
10.617760617760617
10.62124248496994
10.62124248496994
10.62124248496994
10.638297872340425
10.642570281124499
10.650887573964498
10.663983903420524
10.687022900763358
10.687022900763358
10.694183864915573
10.694183864915573
10.694183864915573
10.700389105058365
10.721247563352826
10.727969348659004
10.727969348659004
10.728744939271255
10.73558648111332
10.7421875
10.75050709939148
10.76923076923077
10.778443113772456
10.79429735234216
10.795454545454545
10.81081081081081
10.81081081081081
10.81081081081081
10.815939278937382
10.820895522388058
10.826771653543307
10.831721470019342
10.836501901140684
10.836501901140684
10.841121495327103
10.843373493975903
10.843373493975903
10.843373493975903
10.843373493975903
10.843373493975903
10.845588235294118
10.848126232741617
10.857142857142858
10.861423220973784
10.865191146881289
10.865561694290976
10.865561694290976
10.87378640776699
10.877862595419847
10.881801125703564
10.885608856088561
10.891089108910892
10.894941634241246
10.909090909090908
10.9404990403071
10.9404990403071
10.9404990403071
10.961538461538462
10.964083175803403
10.978043912175648
10.980392156862745
10.982658959537572
10.984848484848484
11.0
11.00196463654224
11.00196463654224
11.007462686567164
11.007462686567164
11.022044088176353
11.022044088176353
11.023622047244094
11.02514506769826
11.02514506769826
11.02661596958175
11.02661596958175
11.04417670682731
11.046511627906977
11.046511627906977
11.066398390342053
11.067193675889328
11.067193675889328
11.067961165048544
11.067961165048544
11.067961165048544
11.068702290076336
11.089494163424124
11.090573012939002
11.11111111111111
11.133200795228628
11.133200795228628
11.133603238866396
11.174242424242424
11.174242424242424
11.175337186897881
11.176470588235295
11.194029850746269
11.195445920303605
11.196911196911197
11.200000000000001
11.216730038022813
11.216730038022813
11.218568665377177
11.238095238095239
11.24031007751938
11.24031007751938
11.24031007751938
11.244979919678714
11.244979919678714
11.264822134387352
11.275415896487985
11.287128712871288
11.287128712871288
11.29032258064516
11.302681992337165
11.306042884990253
11.324376199616124
11.328125
11.338289962825279
11.346153846153847
11.350293542074363
11.354581673306772
11.363636363636363
11.368015414258188
11.372549019607844
11.372549019607844
11.377245508982035
11.389961389961389
11.394891944990176
11.394891944990176
11.401869158878505
11.401869158878505
11.406844106463879
11.411992263056092
11.411992263056092
11.411992263056092
11.41732283464567
11.423220973782772
11.423220973782772
11.428571428571429
11.434108527131782
11.439842209072978
11.439842209072978
11.44578313253012
11.44578313253012
11.451942740286299
11.45631067961165
11.45631067961165
11.45631067961165
11.462450592885375
11.47227533460803
11.478599221789883
11.478599221789883
11.478599221789883
11.481481481481481
11.485148514851486
11.485148514851486
11.491935483870968
11.494252873563218
11.515151515151516
11.524163568773234
11.538461538461538
11.538461538461538
11.538461538461538
11.538461538461538
11.538461538461538
11.538461538461538
11.538461538461538
11.545988258317024
11.545988258317024
11.560693641618498
11.57684630738523
11.588785046728972
11.591355599214145
11.596958174904943
11.602209944751381
11.602209944751381
11.614173228346457
11.627906976744185
11.632270168855536
11.637080867850099
11.637080867850099
11.641221374045802
11.641221374045802
11.663479923518166
11.670020120724347
11.67608286252354
11.683168316831685
11.685823754789272
11.71875
11.740890688259109
11.740890688259109
11.741682974559687
11.742424242424242
11.742424242424242
11.753371868978805
11.753371868978805
11.787072243346007
11.787072243346007
11.797752808988763
11.797752808988763
11.797752808988763
11.798839458413926
11.799999999999999
11.80952380952381
11.811023622047244
11.823647294589177
11.83206106870229
11.844660194174757
11.844660194174757
11.844660194174757
11.844660194174757
11.851851851851853
11.854684512428298
11.864406779661017
11.86770428015564
11.86770428015564
11.86770428015564
11.87122736418511
11.877394636015326
11.881188118811881
11.88679245283019
11.895161290322582
11.900191938579654
11.904761904761903
11.904761904761903
11.9140625
11.91919191919192
11.91919191919192
11.923076923076923
11.937377690802348
11.94331983805668
11.94331983805668
11.946050096339114
11.952191235059761
11.96078431372549
11.96078431372549
11.96911196911197
11.976047904191617
11.976047904191617
11.992263056092844
12.0
12.007874015748031
12.015503875968992
12.016293279022404
12.022900763358779
12.03155818540434
12.03155818540434
12.03155818540434
12.03155818540434
12.03883495145631
12.03883495145631
12.045889101338432
12.045889101338432
12.045889101338432
12.07920792079208
12.0817843866171
12.104283054003725
12.127236580516898
12.13307240704501
12.13307240704501
12.13307240704501
12.13307240704501
12.138728323699421
12.149532710280374
12.149532710280374
12.156862745098039
12.156862745098039
12.156862745098039
12.162162162162163
12.162162162162163
12.167300380228136
12.167300380228136
12.17564870259481
12.180746561886052
12.180746561886052
12.18568665377176
12.195121951219512
12.204724409448819
12.204724409448819
12.204724409448819
12.209302325581394
12.219959266802444
12.22879684418146
12.22879684418146
12.233009708737864
12.233009708737864
12.233009708737864
12.233009708737864
12.233009708737864
12.25296442687747
12.25296442687747
12.2568093385214
12.2568093385214
12.2568093385214
12.260536398467432
12.260536398467432
12.277227722772277
12.277227722772277
12.277227722772277
12.284069097888676
12.287334593572778
12.298387096774194
12.323232323232324
12.323232323232324
12.33140655105973
12.33140655105973
12.348178137651821
12.348178137651821
12.352941176470589
12.37721021611002
12.37721021611002
12.379110251450678
12.401574803149607
12.401574803149607
12.401574803149607
12.4031007751938
12.4031007751938
12.42603550295858
12.42603550295858
12.427184466019417
12.429378531073446
12.450592885375494
12.45136186770428
12.45136186770428
12.45136186770428
12.45136186770428
12.475247524752476
12.475633528265107
12.476007677543185
12.5
12.5
12.5
12.524084778420038
12.524461839530332
12.524461839530332
12.524850894632205
12.546125461254611
12.54681647940075
12.549019607843137
12.549019607843137
12.549800796812749
12.549800796812749
12.549800796812749
12.550607287449392
12.570356472795496
12.570356472795496
12.573673870333987
12.573673870333987
12.574850299401197
12.593984962406015
12.5968992248062
12.5968992248062
12.6
12.619502868068832
12.619502868068832
12.619502868068832
12.62135922330097
12.62135922330097
12.6232741617357
12.643678160919542
12.643678160919542
12.643678160919542
12.648221343873518
12.648221343873518
12.648221343873518
12.648221343873518
12.648221343873518
12.670565302144249
12.670565302144249
12.676056338028168
12.686567164179104
12.6953125
12.716763005780345
12.72365805168986
12.72365805168986
12.72365805168986
12.734082397003746
12.749003984063744
12.754158964879853
12.770137524557956
12.770137524557956
12.770137524557956
12.77445109780439
12.778904665314403
12.790697674418606
12.790697674418606
12.795275590551181
12.795275590551181
12.8
12.8060263653484
12.810707456978967
12.815533980582524
12.82051282051282
12.82051282051282
12.840466926070038
12.840466926070038
12.845849802371543
12.857142857142856
12.878787878787879
12.890625
12.896825396825399
12.896825396825399
12.909441233140656
12.915851272015654
12.915851272015654
12.941176470588237
12.959381044487428
12.959381044487428
12.966601178781925
12.981744421906694
12.984496124031008
12.992125984251967
12.992125984251967
12.992125984251967
12.992125984251967
12.992125984251967
12.992125984251967
13.0
13.0
13.009708737864079
13.018867924528301
13.026819923371647
13.034623217922606
13.03501945525292
13.03501945525292
13.043478260869565
13.052208835341366
13.060428849902534
13.061224489795919
13.068181818181818
13.06930693069307
13.0859375
13.095238095238097
13.095238095238097
13.095238095238097
13.102119460500964
13.102119460500964
13.104838709677418
13.111545988258316
13.12127236580517
13.12127236580517
13.12127236580517
13.137254901960786
13.142857142857142
13.147410358565736
13.147410358565736
13.152804642166343
13.152804642166343
13.17365269461078
13.178294573643413
13.188976377952756
13.214990138067062
13.214990138067062
13.214990138067062
13.218390804597702
13.226452905811623
13.226452905811623
13.229571984435799
13.229571984435799
13.229571984435799
13.24376199616123
13.255360623781677
13.255360623781677
13.255360623781677
13.267326732673268
13.26923076923077
13.28125
13.28125
13.294797687861271
13.319672131147541
13.320079522862823
13.345864661654137
13.346228239845262
13.346613545816732
13.346613545816732
13.346613545816732
13.346613545816732
13.346613545816732
13.373253493013973
13.398058252427184
13.4
13.414634146341465
13.424124513618677
13.426853707414828
13.43570057581574
13.438735177865613
13.450292397660817
13.450292397660817
13.450292397660817
13.4765625
13.480885311871226
13.480885311871226
13.508064516129032
13.518886679920477
13.529411764705882
13.529411764705882
13.529411764705882
13.535353535353536
13.539651837524177
13.572854291417165
13.572854291417165
13.575525812619501
13.600000000000001
13.600000000000001
13.609467455621301
13.609467455621301
13.610586011342155
13.618677042801556
13.618677042801556
13.618677042801556
13.627254509018035
13.62763915547025
13.636363636363635
13.654618473895583
13.66223908918406
13.670411985018728
13.670411985018728
13.671875
13.671875
13.671875
13.671875
13.680154142581888
13.682092555331993
13.690476190476192
13.701431492842536
13.706563706563706
13.709677419354838
13.709677419354838
13.717693836978132
13.725490196078432
13.725490196078432
13.725490196078432
13.737373737373737
13.745019920318724
13.745019920318724
13.745019920318724
13.765182186234817
13.773584905660377
13.78640776699029
13.78640776699029
13.813229571984436
13.821138211382115
13.825757575757574
13.827655310621243
13.83399209486166
13.840155945419102
13.855421686746988
13.855421686746988
13.872832369942195
13.877551020408163
13.878326996197718
13.88888888888889
13.8996138996139
13.8996138996139
13.8996138996139
13.916500994035786
13.92156862745098
13.926499032882012
13.939393939393941
13.939393939393941
13.939393939393941
13.948919449901767
13.953488372093023
13.972055888223553
13.972055888223553
13.976377952755906
13.996316758747698
14.000000000000002
14.000000000000002
14.007782101167315
14.02805611222445
14.02805611222445
14.031620553359684
14.035087719298245
14.038461538461538
14.052953156822811
14.056224899598394
14.059405940594061
14.081632653061224
14.092664092664092
14.092664092664092
14.112903225806454
14.115308151093439
14.117647058823529
14.119922630560927
14.14141414141414
14.14141414141414
14.145383104125736
14.173228346456693
14.2
14.203454894433781
14.227642276422763
14.228456913827655
14.228456913827655
14.229249011857709
14.230019493177387
14.231499051233396
14.232209737827715
14.257028112449799
14.257028112449799
14.257028112449799
14.257028112449799
14.2578125
14.258188824662813
14.285714285714285
14.285714285714285
14.285714285714285
14.285714285714285
14.313346228239846
14.313346228239846
14.314115308151093
14.314115308151093
14.34108527131783
14.341846758349705
14.341846758349705
14.341846758349705
14.342629482071715
14.399999999999999
14.401622718052739
14.42687747035573
14.450867052023122
14.457831325301203
14.457831325301203
14.457831325301203
14.486921529175051
14.486921529175051
14.486921529175051
14.50381679389313
14.506769825918761
14.506769825918761
14.50980392156863
14.516129032258066
14.519427402862986
14.538310412573674
14.538310412573674
14.545454545454545
14.570858283433132
14.570858283433132
14.5748987854251
14.5748987854251
14.579055441478438
14.579055441478438
14.595660749506903
14.624505928853754
14.629258517034069
14.629258517034069
14.65863453815261
14.65863453815261
14.663951120162933
14.7117296222664
14.723926380368098
14.747474747474747
14.747474747474747
14.757281553398057
14.763779527559054
14.770459081836327
14.777327935222672
14.792899408284024
14.799999999999999
14.807302231237324
14.829659318637276
14.829659318637276
14.85148514851485
14.867617107942973
14.87279843444227
14.88933601609658
14.88933601609658
14.893617021276595
14.893617021276595
14.893617021276595
14.897959183673471
14.901960784313726
14.901960784313726
14.901960784313726
14.919354838709678
14.931237721021612
14.949494949494948
14.97005988023952
15.0
15.0
15.009746588693956
15.030060120240481
15.040650406504067
15.057915057915059
15.090543259557343
15.10204081632653
15.11627906976744
15.120967741935484
15.120967741935484
15.12770137524558
15.132924335378323
15.134099616858238
15.151515151515152
15.151515151515152
15.182186234817813
15.182186234817813
15.187376725838265
15.2
15.247524752475247
15.247524752475247
15.261044176706829
15.277777777777779
15.277777777777779
15.29175050301811
15.296367112810708
15.308151093439365
15.353535353535353
15.353535353535353
15.353535353535353
15.369261477045908
15.369261477045908
15.369261477045908
15.369649805447471
15.414258188824661
15.41501976284585
15.41501976284585
15.430861723446892
15.430861723446892
15.430861723446892
15.461847389558233
15.476190476190476
15.50695825049702
15.524193548387096
15.53784860557769
15.555555555555555
15.581854043392504
15.612648221343871
15.612648221343871
15.618661257606492
15.618661257606492
15.625
15.643564356435643
15.643564356435643
15.643564356435643
15.650406504065039
15.66265060240964
15.694164989939638
15.69767441860465
15.705765407554672
15.725806451612904
15.737051792828685
15.748031496062993
15.748031496062993
15.768463073852296
15.769230769230768
15.789473684210526
15.8
15.810276679841898
15.810276679841898
15.821501014198782
15.839694656488549
15.873015873015872
15.885947046843176
15.885947046843176
15.900383141762454
15.913555992141454
15.918367346938775
15.92741935483871
15.936254980079681
15.936254980079681
15.95959595959596
15.968063872255488
15.991902834008098
15.991902834008098
15.992292870905588
16.0
16.0
16.007905138339922
16.056910569105693
16.06425702811245
16.06425702811245
16.06425702811245
16.06425702811245
16.071428571428573
16.129032258064516
16.129032258064516
16.129032258064516
16.155419222903884
16.161616161616163
16.161616161616163
16.16766467065868
16.173570019723865
16.188524590163937
16.188524590163937
16.23246492985972
16.237623762376238
16.260162601626014
16.260162601626014
16.265060240963855
16.293279022403258
16.310679611650485
16.3265306122449
16.3265306122449
16.3265306122449
16.33064516129032
16.334661354581673
16.363636363636363
16.367265469061877
16.39344262295082
16.39676113360324
16.427104722792606
16.432865731462925
16.432865731462925
16.43835616438356
16.46586345381526
16.498993963782695
16.498993963782695
16.498993963782695
16.50099403578529
16.532258064516128
16.56441717791411
16.56686626746507
16.6
16.6
16.632443531827516
16.63286004056795
16.666666666666664
16.666666666666664
16.69980119284294
16.700201207243463
16.700201207243463
16.700610997963338
16.733067729083665
16.73469387755102
16.766467065868262
16.766467065868262
16.767676767676768
16.8
16.8
16.801619433198383
16.801619433198383
16.801619433198383
16.83366733466934
16.835699797160245
16.835699797160245
16.867469879518072
16.869918699186993
16.872427983539097
16.872427983539097
16.895874263261295
16.901408450704224
16.966067864271455
16.969696969696972
17.0
17.0
17.0
17.00404858299595
17.008196721311474
17.038539553752535
17.06827309236948
17.137096774193548
17.142857142857142
17.159763313609467
17.16566866267465
17.17171717171717
17.22113502935421
17.234468937875754
17.24137931034483
17.261904761904763
17.303822937625753
17.303822937625753
17.31958762886598
17.330677290836654
17.338709677419356
17.338709677419356
17.373737373737374
17.408906882591094
17.43486973947896
17.45098039215686
17.50503018108652
17.50503018108652
17.515274949083505
17.515274949083505
17.540322580645164
17.543859649122805
17.551020408163264
17.670682730923694
17.68172888015717
17.706237424547282
17.716535433070867
17.741935483870968
17.77777777777778
17.786561264822133
17.813765182186234
17.84313725490196
17.913385826771652
17.93372319688109
17.984189723320156
18.01125703564728
18.016194331983808
18.016194331983808
18.03607214428858
18.03607214428858
18.052738336713997
18.072289156626507
18.072289156626507
18.07465618860511
18.106995884773664
18.10865191146881
18.16326530612245
18.346774193548388
18.442622950819672
18.467583497053045
18.62348178137652
18.66125760649087
18.69918699186992
18.73727087576375
18.823529411764707
18.82591093117409
18.902439024390244
18.94093686354379
18.98989898989899
19.03807615230461
19.114688128772634
19.19191919191919
19.222903885480573
19.246031746031747
19.291338582677163
19.615384615384617
19.753086419753085
19.880715705765407
20.16460905349794
20.309477756286267
20.616570327552985
20.73170731707317
20.939334637964773
21.138211382113823
21.16935483870968
21.301775147928996
21.32796780684105
21.384928716904277
21.45748987854251
21.951219512195124
22.290388548057262
22.573839662447256
22.736418511066397
23.985239852398525
24.2603550295858
24.435318275154007
25.04854368932039
25.981308411214954
26.07879924953096
26.3254113345521
27.579365079365083
28.68525896414343
29.174664107485604
30.16759776536313
30.511811023622048
