Number of Runs,995

Direct 95% Percentile CI Width,15.910660174515323
Direct 95% Percentile CI Lower Bound,6.39853747714808
Direct 95% Percentile CI Upper Bound,22.309197651663403

Bootstrap 95% Percentile CI Width,0.6283967391304355
Bootstrap 95% Percentile CI Lower Bound,13.043478260869565
Bootstrap 95% Percentile CI Upper Bound,13.671875

Percentage Difference (%)
-5.6634304207119746
0.34843205574912894
2.862254025044723
3.0249110320284696
3.4423407917383817
3.9451114922813035
4.029304029304029
4.270462633451958
4.395604395604396
4.440154440154441
4.553734061930783
4.770642201834862
5.081669691470054
5.147058823529411
5.360443622920517
5.376344086021505
5.46448087431694
5.524861878453039
6.055045871559633
6.0661764705882355
6.126126126126126
6.261859582542694
6.340579710144928
6.367041198501873
6.39853747714808
6.422018348623854
6.4338235294117645
6.581352833638025
6.618962432915922
6.629834254143646
6.630824372759856
6.70391061452514
6.728971962616822
6.764168190127971
6.764168190127971
6.851851851851852
6.890130353817504
6.902985074626866
6.964285714285714
7.024029574861368
7.08955223880597
7.102803738317758
7.103825136612022
7.208872458410351
7.208872458410351
7.222222222222221
7.289719626168225
7.352941176470589
7.393715341959335
7.4074074074074066
7.460035523978685
7.490636704119851
7.550644567219153
7.578558225508318
7.661290322580645
7.664233576642336
7.7067669172932325
7.721280602636535
7.7490774907749085
7.777777777777778
7.850467289719626
7.894736842105263
7.894736842105263
7.904411764705882
7.904411764705882
7.918968692449356
7.992565055762081
8.0
8.07899461400359
8.082706766917292
8.103130755064457
8.193668528864059
8.224299065420562
8.224299065420562
8.258527827648116
8.286252354048965
8.286252354048965
8.317929759704251
8.364312267657994
8.426966292134832
8.42911877394636
8.42911877394636
8.440366972477065
8.442776735459661
8.47145488029466
8.47457627118644
8.534322820037106
8.534322820037106
8.550185873605948
8.555133079847907
8.582089552238806
8.592321755027422
8.598130841121495
8.626760563380282
8.687615526802219
8.703703703703704
8.719851576994433
8.72865275142315
8.743169398907105
8.745247148288973
8.775137111517367
8.775137111517367
8.778625954198473
8.781362007168457
8.791208791208792
8.801498127340825
8.834586466165414
8.88888888888889
8.901515151515152
8.918406072106261
8.918406072106261
8.98876404494382
9.003831417624522
9.021113243761997
9.057971014492754
9.074074074074074
9.090909090909092
9.090909090909092
9.090909090909092
9.14179104477612
9.16030534351145
9.213051823416507
9.227871939736348
9.242144177449168
9.245283018867925
9.262759924385634
9.293680297397769
9.293680297397769
9.31098696461825
9.31098696461825
9.315589353612168
9.328358208955224
9.328358208955224
9.333333333333334
9.363295880149813
9.380863039399625
9.404990403071018
9.404990403071018
9.433962264150944
9.479553903345725
9.497206703910614
9.523809523809524
9.523809523809524
9.523809523809524
9.532710280373832
9.560229445506693
9.586466165413533
9.622641509433963
9.633911368015415
9.65391621129326
9.689213893967093
9.701492537313433
9.701492537313433
9.701492537313433
9.706959706959708
9.70873786407767
9.719626168224298
9.719626168224298
9.724770642201836
9.732824427480915
9.751434034416825
9.75609756097561
9.765625
9.826589595375722
9.867172675521822
9.867172675521822
9.869646182495345
9.869646182495345
9.87202925045704
9.89010989010989
9.904761904761905
9.925093632958802
9.943714821763603
9.962406015037594
9.962406015037594
9.980806142034549
10.0
10.01926782273603
10.073260073260073
10.074626865671641
10.076045627376425
10.077519379844961
10.093457943925234
10.095238095238095
10.114503816793894
10.150375939849624
10.150375939849624
10.16949152542373
10.17274472168906
10.251450676982591
10.256410256410255
10.294117647058822
10.313075506445673
10.318949343339586
10.318949343339586
10.33210332103321
10.338345864661653
10.36468330134357
10.36468330134357
10.36468330134357
10.384615384615385
10.38961038961039
10.404624277456648
10.416666666666668
10.420475319926874
10.42830540037244
10.436432637571158
10.43956043956044
10.444874274661508
10.444874274661508
10.456273764258556
10.458715596330276
10.458715596330276
10.465116279069768
10.477941176470589
10.477941176470589
10.506566604127581
10.51625239005736
10.51625239005736
10.53639846743295
10.555555555555555
10.566037735849058
10.58601134215501
10.617760617760617
10.62618595825427
10.62618595825427
10.638297872340425
10.666666666666668
10.681399631675875
10.687022900763358
10.687022900763358
10.687022900763358
10.694183864915573
10.700389105058365
10.70110701107011
10.70110701107011
10.707456978967496
10.707456978967496
10.707456978967496
10.720887245841034
10.727969348659004
10.748560460652591
10.754716981132075
10.76923076923077
10.76923076923077
10.789980732177264
10.805860805860807
10.81081081081081
10.836501901140684
10.852713178294573
10.857142857142858
10.881801125703564
10.89866156787763
10.905730129390019
10.916179337231968
10.922787193973635
10.9375
10.9404990403071
10.961538461538462
10.964083175803403
10.982658959537572
10.982658959537572
10.984848484848484
11.005692599620494
11.02661596958175
11.02803738317757
11.046511627906977
11.067961165048544
11.132075471698114
11.132437619961612
11.1328125
11.153119092627598
11.153846153846155
11.153846153846155
11.154598825831702
11.196911196911197
11.196911196911197
11.213235294117647
11.216730038022813
11.216730038022813
11.218568665377177
11.218568665377177
11.218568665377177
11.238095238095239
11.238095238095239
11.24031007751938
11.254612546125461
11.25703564727955
11.262135922330096
11.284046692607005
11.284046692607005
11.284046692607005
11.324376199616124
11.33093525179856
11.342155009451796
11.346153846153847
11.346153846153847
11.350293542074363
11.350293542074363
11.363636363636363
11.368015414258188
11.372549019607844
11.406844106463879
11.406844106463879
11.428571428571429
11.434108527131782
11.450381679389313
11.450381679389313
11.460258780036968
11.47227533460803
11.47227533460803
11.478599221789883
11.478599221789883
11.481481481481481
11.494252873563218
11.516314779270633
11.538461538461538
11.545988258317024
11.553030303030303
11.57495256166983
11.596958174904943
11.602209944751381
11.650485436893204
11.650485436893204
11.654135338345863
11.663479923518166
11.666666666666666
11.673151750972762
11.695906432748536
11.708253358925145
11.71003717472119
11.71003717472119
11.71875
11.73076923076923
11.73076923076923
11.731843575418994
11.741682974559687
11.753731343283583
11.776061776061777
11.80952380952381
11.80952380952381
11.80952380952381
11.821705426356589
11.844660194174757
11.851851851851853
11.854684512428298
11.86770428015564
11.9140625
11.923076923076923
11.937377690802348
11.937377690802348
11.937377690802348
11.96911196911197
11.96911196911197
11.977186311787072
11.985018726591761
12.0
12.0
12.007504690431519
12.007874015748031
12.015503875968992
12.022900763358779
12.022900763358779
12.045889101338432
12.052730696798493
12.068965517241379
12.07920792079208
12.0817843866171
12.085769980506821
12.085769980506821
12.085769980506821
12.085769980506821
12.13307240704501
12.13307240704501
12.144212523719165
12.149532710280374
12.149532710280374
12.156862745098039
12.167300380228136
12.172284644194757
12.19047619047619
12.19047619047619
12.204724409448819
12.209302325581394
12.209302325581394
12.22879684418146
12.233009708737864
12.233009708737864
12.237093690248566
12.260536398467432
12.267657992565056
12.267657992565056
12.267657992565056
12.284069097888676
12.287334593572778
12.290502793296088
12.3046875
12.3046875
12.3046875
12.3046875
12.307692307692308
12.307692307692308
12.307692307692308
12.32876712328767
12.33140655105973
12.355212355212355
12.359550561797752
12.380952380952381
12.384473197781885
12.4031007751938
12.4031007751938
12.427184466019417
12.4282982791587
12.450592885375494
12.45136186770428
12.452107279693486
12.452107279693486
12.475633528265107
12.475633528265107
12.476007677543185
12.476370510396976
12.5
12.5
12.52336448598131
12.524084778420038
12.524084778420038
12.524461839530332
12.548262548262548
12.570356472795496
12.643678160919542
12.645914396887159
12.667946257197697
12.670565302144249
12.68939393939394
12.692307692307692
12.692307692307692
12.6953125
12.716763005780345
12.770137524557956
12.795275590551181
12.835249042145595
12.840466926070038
12.854442344045369
12.865497076023392
12.865497076023392
12.871287128712872
12.890625
12.909441233140656
12.915851272015654
12.915851272015654
12.921348314606742
12.927756653992395
12.927756653992395
12.95238095238095
12.956204379562045
12.959381044487428
12.966601178781925
12.966601178781925
12.977099236641221
12.984496124031008
12.994350282485875
12.994350282485875
13.001912045889103
13.018867924528301
13.03501945525292
13.03501945525292
13.043478260869565
13.043478260869565
13.076923076923078
13.076923076923078
13.0859375
13.0859375
13.0859375
13.0859375
13.102119460500964
13.137254901960786
13.163064833005894
13.16793893129771
13.178294573643413
13.178294573643413
13.203883495145632
13.20754716981132
13.214990138067062
13.229571984435799
13.229571984435799
13.229571984435799
13.267326732673268
13.26923076923077
13.282732447817835
13.282732447817835
13.293650793650794
13.307240704500977
13.307240704500977
13.307240704500977
13.320463320463322
13.345864661654137
13.359528487229863
13.372093023255813
13.409961685823754
13.450292397660817
13.454545454545455
13.461538461538462
13.461538461538462
13.465346534653467
13.472485768500949
13.472485768500949
13.48747591522158
13.492063492063492
13.498098859315588
13.50293542074364
13.513513513513514
13.513513513513514
13.539651837524177
13.539651837524177
13.549618320610687
13.549618320610687
13.549618320610687
13.565891472868216
13.565891472868216
13.565891472868216
13.582677165354331
13.584905660377359
13.592233009708737
13.618677042801556
13.618677042801556
13.618677042801556
13.636363636363635
13.64522417153996
13.671875
13.671875
13.698630136986301
13.698630136986301
13.706563706563706
13.706563706563706
13.706563706563706
13.714285714285715
13.725490196078432
13.733075435203096
13.74764595103578
13.74764595103578
13.7524557956778
13.77245508982036
13.779527559055119
13.78640776699029
13.81957773512476
13.840155945419102
13.8671875
13.878326996197718
13.894324853228962
13.894324853228962
13.894324853228962
13.904761904761905
13.92156862745098
13.931297709923665
13.953488372093023
13.957934990439771
13.980582524271846
13.980582524271846
14.007782101167315
14.007782101167315
14.035087719298245
14.041745730550284
14.041745730550284
14.0625
14.0625
14.0625
14.102564102564102
14.115308151093439
14.119922630560927
14.145383104125736
14.147286821705427
14.174757281553399
14.174757281553399
14.174757281553399
14.180478821362799
14.201183431952662
14.202334630350194
14.229249011857709
14.229249011857709
14.230019493177387
14.23076923076923
14.2578125
14.2578125
14.258188824662813
14.258188824662813
14.258555133079847
14.285714285714285
14.313725490196077
14.338919925512103
14.340344168260039
14.341846758349705
14.36893203883495
14.36893203883495
14.37007874015748
14.37007874015748
14.393939393939394
14.39539347408829
14.396887159533073
14.423076923076922
14.42495126705653
14.42495126705653
14.453125
14.453125
14.453125
14.453125
14.453125
14.453125
14.453125
14.455445544554454
14.455445544554454
14.476190476190476
14.481409001956946
14.50980392156863
14.50980392156863
14.50980392156863
14.534883720930234
14.538310412573674
14.54183266932271
14.55223880597015
14.559386973180077
14.570858283433132
14.591439688715955
14.619883040935672
14.64354527938343
14.6484375
14.653465346534652
14.666666666666666
14.682539682539684
14.70019342359768
14.722753346080305
14.728682170542637
14.734774066797643
14.734774066797643
14.734774066797643
14.757281553398057
14.763779527559054
14.763779527559054
14.766355140186915
14.785992217898833
14.799999999999999
14.799999999999999
14.814814814814813
14.814814814814813
14.82213438735178
14.82213438735178
14.82889733840304
14.84375
14.84375
14.84375
14.84375
14.84375
14.857142857142858
14.864864864864865
14.87279843444227
14.87279843444227
14.901960784313726
14.925373134328357
14.940239043824702
14.981273408239701
14.990138067061142
15.0
15.019762845849801
15.0390625
15.0390625
15.0390625
15.0390625
15.057915057915059
15.057915057915059
15.068493150684931
15.068493150684931
15.087040618955513
15.098039215686274
15.098039215686274
15.12770137524558
15.163147792706333
15.17509727626459
15.187376725838265
15.187376725838265
15.192307692307692
15.196998123827393
15.204678362573098
15.217391304347828
15.247524752475247
15.250965250965251
15.339805825242719
15.339805825242719
15.340909090909092
15.354330708661418
15.354330708661418
15.370018975332068
15.37037037037037
15.384615384615385
15.399239543726237
15.39961013645224
15.41501976284585
15.41501976284585
15.41501976284585
15.444015444015443
15.459882583170254
15.473887814313347
15.476190476190476
15.485074626865671
15.490196078431373
15.490196078431373
15.520628683693516
15.53398058252427
15.53398058252427
15.547024952015356
15.559772296015181
15.559772296015181
15.625
15.625
15.625
15.625
15.637065637065636
15.655577299412915
15.671641791044777
15.689981096408317
15.689981096408317
15.725806451612904
15.74074074074074
15.748031496062993
15.748031496062993
15.749525616698293
15.758754863813229
15.768463073852296
15.789473684210526
15.789473684210526
15.789473684210526
15.8
15.810276679841898
15.810276679841898
15.8203125
15.841584158415841
15.851272015655576
15.863453815261044
15.873015873015872
15.873015873015872
15.891472868217054
15.895372233400401
15.930902111324377
15.939278937381404
15.953307392996107
16.015625
16.015625
16.023166023166024
16.030534351145036
16.03960396039604
16.08527131782946
16.129032258064516
16.129032258064516
16.159695817490494
16.184971098265898
16.19047619047619
16.195856873822976
16.2
16.216216216216218
16.2426614481409
16.247582205029012
16.26984126984127
16.26984126984127
16.370808678500985
16.370808678500985
16.380952380952383
16.387337057728118
16.40316205533597
16.435643564356436
16.470588235294116
16.472868217054263
16.498993963782695
16.50099403578529
16.50671785028791
16.536964980544745
16.569200779727094
16.570327552986512
16.570327552986512
16.6015625
16.603053435114504
16.603053435114504
16.63326653306613
16.634050880626223
16.634799235181642
16.666666666666664
16.666666666666664
16.699029126213592
16.730038022813687
16.73076923076923
16.731517509727624
16.76300578034682
16.767676767676768
16.793893129770993
16.795366795366796
16.856060606060606
16.86046511627907
16.888045540796963
16.893203883495143
16.966067864271455
17.045454545454543
17.058823529411764
17.0873786407767
17.115384615384617
17.13747645951036
17.234848484848484
17.24137931034483
17.24137931034483
17.248062015503876
17.248062015503876
17.333333333333336
17.348927875243664
17.348927875243664
17.374517374517374
17.3828125
17.391304347826086
17.391304347826086
17.441860465116278
17.4852652259332
17.4852652259332
17.554240631163708
17.557251908396946
17.56756756756757
17.56756756756757
17.61252446183953
17.635658914728683
17.68172888015717
17.73879142300195
17.75147928994083
17.760617760617762
17.79497098646035
17.84313725490196
17.85028790786948
17.864476386036962
17.884615384615383
17.892644135188867
17.898832684824903
17.91907514450867
17.92452830188679
18.023255813953487
18.026565464895636
18.03921568627451
18.03921568627451
18.058252427184467
18.06083650190114
18.06083650190114
18.07465618860511
18.14516129032258
18.163672654690618
18.1640625
18.25242718446602
18.269230769230766
18.271119842829076
18.285714285714285
18.290258449304176
18.304431599229286
18.304431599229286
18.3206106870229
18.33976833976834
18.33976833976834
18.346774193548388
18.3752417794971
18.383838383838384
18.446601941747574
18.446601941747574
18.461538461538463
18.467583497053045
18.497109826589593
18.548387096774192
18.5546875
18.582375478927204
18.613861386138613
18.631178707224336
18.640776699029125
18.653846153846153
18.666666666666668
18.67704280155642
18.75
18.773946360153257
18.774703557312254
18.9083820662768
18.9083820662768
18.929254302103253
18.9453125
18.95551257253385
19.038461538461537
19.05697445972495
19.07514450867052
19.111969111969113
19.13214990138067
19.153225806451612
19.157088122605366
19.193857965451055
19.230769230769234
19.246031746031747
19.25343811394892
19.27480916030534
19.32938856015779
19.36127744510978
19.367588932806324
19.379844961240313
19.379844961240313
19.385796545105567
19.393939393939394
19.423076923076923
19.428571428571427
19.438877755511022
19.444444444444446
19.577735124760075
19.639278557114228
19.646365422396855
19.76284584980237
19.765166340508806
19.765166340508806
19.767441860465116
19.842829076620824
19.88527724665392
19.961612284069098
19.961612284069098
20.0
20.078740157480315
20.07952286282306
20.07952286282306
20.1171875
20.19047619047619
20.192307692307693
20.348837209302324
20.388349514563107
20.392156862745097
20.423892100192678
20.436507936507937
20.49808429118774
20.5078125
20.54263565891473
20.570264765784113
20.588235294117645
20.599999999999998
20.634920634920633
20.703125
20.73643410852713
20.75098814229249
20.776699029126213
20.792079207920793
20.84130019120459
20.84942084942085
20.857699805068226
20.88607594936709
20.939334637964773
20.958083832335326
21.052631578947366
21.062992125984252
21.09375
21.176470588235293
21.330724070450096
21.34387351778656
21.34387351778656
21.370967741935484
21.47117296222664
21.52641878669276
21.553398058252426
21.553398058252426
21.6
21.64328657314629
21.6796875
21.6796875
21.764705882352942
21.78988326848249
21.8
21.818181818181817
21.8809980806142
22.0703125
22.090729783037474
22.20039292730845
22.309197651663403
22.33201581027668
22.440944881889763
22.44488977955912
22.4609375
22.529644268774703
22.593320235756384
22.612085769980506
22.61904761904762
23.014256619144604
23.16831683168317
23.387096774193548
23.391812865497073
23.790322580645164
23.943661971830984
24.15841584158416
24.193548387096776
24.448897795591183
24.798387096774192
25.239005736137663
25.49019607843137
26.008064516129032
28.169014084507044
28.962818003913892
29.40074906367041
