Number of Runs,192

Direct 95% Percentile CI Width,96.14868107505555
Direct 95% Percentile CI Lower Bound,-22.511690046760187
Direct 95% Percentile CI Upper Bound,73.63699102829537

Bootstrap 95% Percentile CI Width,4.234442919240447
Bootstrap 95% Percentile CI Lower Bound,19.21985815602837
Bootstrap 95% Percentile CI Upper Bound,23.454301075268816

Percentage Difference (%)
-46.20786516853933
-31.274900398406373
-24.884599244649603
-23.54280510018215
-22.511690046760187
-17.193486590038315
-14.18812401471361
-13.980492336274967
-13.017154389505551
-11.194429566148902
-8.899521531100477
-5.306603773584905
-3.2302722658052603
-2.586652871184687
-2.392604676454595
-2.155625657202944
-1.5803814713896458
-0.2437538086532602
-0.1749271137026239
1.5605493133583022
4.313725490196078
4.438502673796791
5.566097406704618
5.727762803234501
6.023271731690623
6.569343065693431
6.70886075949367
6.919945725915875
7.17534108135422
7.256004087889627
7.587433313574392
8.324022346368714
8.391608391608392
8.669354838709678
8.73452544704264
8.909795240730492
8.921438082556591
9.084507042253522
9.222082810539524
9.847984137475214
10.141034251175284
10.151753008895865
10.207715133531158
10.278372591006423
10.28368794326241
10.420979986197377
10.44776119402985
10.965200262639527
11.145510835913312
11.243851018973999
11.324503311258278
11.4887831407206
11.655172413793103
12.10762331838565
12.37458193979933
12.5
12.722478576137114
12.921751615218952
13.149022252191504
13.329040566645203
13.42534504391468
13.453536754507628
13.477088948787062
14.414414414414415
15.157894736842106
15.176470588235293
15.322112594312246
15.416958654519972
15.688949522510232
16.69449081803005
16.889514426460238
17.06648389307745
17.07492795389049
17.120894479385047
17.15652768284347
17.46817538896747
17.53069577080491
17.739628040057227
17.869415807560138
18.435754189944134
18.95104895104895
19.04427266338721
19.21985815602837
19.34404283801874
19.405204460966544
19.43620178041543
19.694960212201593
19.718309859154928
20.45786653677545
20.774647887323944
20.917225950782996
20.92330603127327
21.261516654854713
21.358589157413455
21.518987341772153
21.546546546546548
21.616022099447513
21.791044776119403
21.797593772116063
22.158438576349024
22.44593586875466
22.52707581227437
22.703894195444526
22.727272727272727
22.730375426621162
22.770919067215363
23.2722143864598
23.285714285714285
23.297491039426525
23.53356890459364
23.61111111111111
23.629489603024574
23.916184971098268
23.943661971830984
24.158563949139868
24.2
24.593796159527326
24.856733524355302
24.96570644718793
25.198555956678696
25.359835503769705
25.479063165365506
25.596072931276296
25.727513227513228
26.170212765957444
26.187150837988828
26.89199118295371
27.279521674140504
27.29711602951039
27.632561613144134
27.80979827089337
27.895694360218315
28.023171614771904
28.22695035460993
28.380281690140848
28.735632183908045
28.94935752078609
28.95989123045547
29.454545454545457
29.95810055865922
30.267921795800145
30.661764705882355
31.25
31.28205128205128
31.71500630517024
32.25616921269095
33.02509907529723
33.5825968728756
33.85772913816689
34.52211126961483
34.961075725406936
34.98233215547703
35.01639344262295
35.67765567765568
35.91893780573026
36.55405405405405
36.67844522968198
36.84992570579495
37.148594377510044
37.475976937860345
38.94878706199461
39.14924297043979
39.71934106162294
40.19867549668874
40.309597523219814
40.662438336856944
40.80381471389646
42.163661581137305
44.0
44.53125
45.018181818181816
46.2853385930309
46.64861205145565
46.96092619392186
50.068212824010914
50.74294205052006
51.10294117647059
51.18694362017804
53.522012578616355
54.06871609403255
54.27286356821589
56.13577023498695
59.219088937093275
60.88534107402032
61.522048364153626
68.65342163355407
73.46666666666667
73.63699102829537
91.8474195961107
109.40063091482651
123.26227988878591
348.75
