Number of Runs,1000

Direct 95% Percentile CI Width,148.35470085470084
Direct 95% Percentile CI Lower Bound,-33.07692307692307
Direct 95% Percentile CI Upper Bound,115.27777777777777

Bootstrap 95% Percentile CI Width,4.77103053906659
Bootstrap 95% Percentile CI Lower Bound,22.033898305084744
Bootstrap 95% Percentile CI Upper Bound,26.804928844151334

Percentage Difference (%)
-43.7037037037037
-42.10526315789473
-41.05960264900662
-40.25974025974026
-40.140845070422536
-39.59731543624161
-39.189189189189186
-38.92617449664429
-38.68613138686132
-38.35616438356164
-37.32394366197183
-37.22627737226277
-36.36363636363637
-36.09022556390977
-36.0
-35.25179856115108
-35.2112676056338
-34.78260869565217
-34.751773049645394
-33.83458646616541
-33.81294964028777
-33.33333333333333
-33.33333333333333
-33.098591549295776
-33.088235294117645
-33.07692307692307
-32.592592592592595
-31.61764705882353
-31.386861313868614
-31.297709923664126
-31.060606060606062
-31.060606060606062
-30.23255813953488
-30.158730158730158
-29.850746268656714
-29.770992366412212
-29.230769230769234
-29.133858267716533
-28.57142857142857
-27.464788732394368
-27.131782945736433
-27.049180327868854
-27.0
-26.717557251908396
-26.666666666666668
-26.229508196721312
-26.119402985074625
-26.01626016260163
-25.984251968503933
-25.925925925925924
-25.40983606557377
-25.174825174825177
-25.174825174825177
-25.165562913907287
-25.0
-25.0
-25.0
-24.324324324324326
-23.387096774193548
-23.18840579710145
-22.22222222222222
-22.131147540983605
-22.131147540983605
-22.058823529411764
-22.033898305084744
-22.033898305084744
-21.666666666666668
-21.58273381294964
-21.53846153846154
-21.428571428571427
-21.367521367521366
-21.311475409836063
-20.8955223880597
-20.714285714285715
-20.689655172413794
-20.51282051282051
-20.437956204379564
-20.437956204379564
-20.175438596491226
-20.175438596491226
-20.155038759689923
-20.0
-20.0
-19.84732824427481
-19.81981981981982
-19.718309859154928
-19.708029197080293
-19.696969696969695
-19.548872180451127
-19.26605504587156
-18.939393939393938
-18.803418803418804
-18.64406779661017
-18.181818181818183
-18.095238095238095
-18.085106382978726
-17.94871794871795
-17.88617886178862
-17.543859649122805
-17.543859649122805
-17.543859649122805
-17.51824817518248
-17.51824817518248
-16.9811320754717
-16.923076923076923
-16.447368421052634
-16.379310344827587
-16.363636363636363
-16.363636363636363
-16.296296296296298
-16.27906976744186
-15.909090909090908
-15.887850467289718
-15.328467153284672
-15.178571428571427
-15.178571428571427
-15.09433962264151
-14.965986394557824
-14.705882352941178
-14.705882352941178
-14.40677966101695
-13.846153846153847
-13.821138211382115
-13.636363636363635
-13.28125
-13.253012048192772
-13.20754716981132
-12.745098039215685
-12.711864406779661
-12.380952380952381
-12.138728323699421
-11.926605504587156
-11.864406779661017
-11.428571428571429
-11.18421052631579
-11.11111111111111
-10.833333333333334
-10.44776119402985
-10.416666666666668
-10.218978102189782
-10.204081632653061
-10.135135135135135
-10.0
-10.0
-9.836065573770492
-9.836065573770492
-9.701492537313433
-9.523809523809524
-8.91089108910891
-8.88888888888889
-8.823529411764707
-8.75912408759124
-8.653846153846153
-8.60215053763441
-8.403361344537815
-8.333333333333332
-8.24742268041237
-8.16326530612245
-8.148148148148149
-8.130081300813007
-8.0
-7.766990291262135
-7.446808510638298
-7.258064516129033
-6.862745098039216
-6.862745098039216
-6.7669172932330826
-6.521739130434782
-6.41025641025641
-6.140350877192982
-6.0606060606060606
-6.0606060606060606
-6.0606060606060606
-6.0606060606060606
-5.960264900662252
-5.594405594405594
-5.434782608695652
-5.357142857142857
-5.208333333333334
-5.0
-4.040404040404041
-3.816793893129771
-3.731343283582089
-3.669724770642202
-3.571428571428571
-3.5398230088495577
-3.260869565217391
-3.2
-3.1914893617021276
-3.1578947368421053
-3.1578947368421053
-3.076923076923077
-2.898550724637681
-2.7522935779816518
-2.6785714285714284
-2.1739130434782608
-2.1505376344086025
-2.1505376344086025
-2.127659574468085
-2.1052631578947367
-2.083333333333333
-1.9801980198019802
-1.834862385321101
-1.8181818181818181
-1.7699115044247788
-1.7543859649122806
-1.5384615384615385
-1.5267175572519083
-1.098901098901099
-1.098901098901099
-1.098901098901099
-1.0869565217391304
-1.0638297872340425
-1.0526315789473684
-1.0
-1.0
-0.9174311926605505
-0.8771929824561403
-0.7936507936507936
-0.7874015748031495
-0.7751937984496124
-0.7633587786259541
-0.7518796992481203
-0.7407407407407408
0.0
0.0
0.0
0.0
0.0
0.0
0.0
0.0
0.0
0.0
0.0
0.7751937984496124
0.8333333333333334
0.8547008547008548
0.8849557522123894
0.9345794392523363
1.0204081632653061
1.0204081632653061
1.0309278350515463
1.0526315789473684
1.0526315789473684
1.0638297872340425
1.0869565217391304
1.1235955056179776
1.1235955056179776
1.1235955056179776
1.1363636363636365
1.1363636363636365
1.8867924528301887
1.8867924528301887
1.9230769230769231
2.0202020202020203
2.1505376344086025
2.158273381294964
2.1739130434782608
2.197802197802198
2.2222222222222223
2.247191011235955
2.272727272727273
2.2988505747126435
2.3255813953488373
2.7027027027027026
2.8301886792452833
2.912621359223301
2.912621359223301
3.0
3.1578947368421053
3.3333333333333335
3.508771929824561
3.571428571428571
3.8095238095238098
3.8461538461538463
3.8461538461538463
3.8834951456310676
3.937007874015748
3.9603960396039604
3.9603960396039604
3.9603960396039604
4.0
4.0650406504065035
4.098360655737705
4.225352112676056
4.3478260869565215
4.49438202247191
4.511278195488721
4.587155963302752
4.587155963302752
4.597701149425287
4.597701149425287
4.597701149425287
4.705882352941177
4.761904761904762
4.938271604938271
5.05050505050505
5.194805194805195
5.263157894736842
5.319148936170213
5.376344086021505
5.434782608695652
5.681818181818182
5.747126436781609
5.769230769230769
5.88235294117647
5.952380952380952
5.982905982905983
6.164383561643835
6.329113924050633
6.382978723404255
6.428571428571428
6.666666666666667
6.7164179104477615
6.722689075630252
6.741573033707865
6.896551724137931
7.0588235294117645
7.142857142857142
7.142857142857142
7.4074074074074066
7.446808510638298
7.526881720430108
7.608695652173914
7.746478873239436
7.777777777777778
7.801418439716312
7.865168539325842
7.936507936507936
8.16326530612245
8.333333333333332
8.333333333333332
8.51063829787234
8.695652173913043
8.823529411764707
8.860759493670885
8.91089108910891
8.955223880597014
8.974358974358974
9.219858156028367
9.322033898305085
9.375
9.411764705882353
9.411764705882353
9.615384615384617
9.63855421686747
9.821428571428571
9.821428571428571
9.900990099009901
9.917355371900827
10.0
10.0
10.126582278481013
10.309278350515463
10.37037037037037
10.465116279069768
10.75268817204301
10.784313725490197
10.975609756097562
10.989010989010989
11.11111111111111
11.11111111111111
11.11111111111111
11.510791366906476
11.702127659574469
11.851851851851853
11.864406779661017
12.0
12.068965517241379
12.121212121212121
12.371134020618557
12.371134020618557
12.698412698412698
12.745098039215685
12.925170068027212
13.043478260869565
13.131313131313133
13.541666666666666
13.750000000000002
13.750000000000002
13.761467889908257
13.768115942028986
13.829787234042554
13.953488372093023
14.000000000000002
14.14141414141414
14.285714285714285
14.285714285714285
14.285714285714285
14.432989690721648
14.432989690721648
14.444444444444443
14.736842105263156
14.736842105263156
14.782608695652174
14.84375
15.0
15.0
15.037593984962406
15.068493150684931
15.18987341772152
15.217391304347828
15.238095238095239
15.54054054054054
15.942028985507244
16.049382716049383
16.091954022988507
16.363636363636363
16.666666666666664
16.8
16.8141592920354
16.883116883116884
16.923076923076923
17.142857142857142
17.28395061728395
17.391304347826086
17.557251908396946
17.699115044247787
17.72151898734177
17.894736842105264
17.894736842105264
17.91044776119403
17.97752808988764
18.27956989247312
18.367346938775512
18.4
18.681318681318682
18.75
18.803418803418804
18.81188118811881
18.91891891891892
18.947368421052634
18.9873417721519
19.0
19.047619047619047
19.379844961240313
19.387755102040817
19.387755102040817
19.402985074626866
19.565217391304348
19.801980198019802
19.801980198019802
19.81132075471698
19.81132075471698
20.0
20.0
20.0
20.0
20.27027027027027
20.388349514563107
20.51282051282051
20.833333333333336
20.833333333333336
20.869565217391305
21.138211382113823
21.176470588235293
21.21212121212121
21.27659574468085
21.27659574468085
21.333333333333336
21.333333333333336
21.35922330097087
21.428571428571427
21.62162162162162
21.62162162162162
21.794871794871796
21.794871794871796
21.978021978021978
22.033898305084744
22.105263157894736
22.22222222222222
22.35294117647059
22.47191011235955
22.5
22.666666666666664
22.82608695652174
22.972972972972975
22.988505747126435
23.076923076923077
23.14814814814815
23.200000000000003
23.232323232323232
23.52941176470588
23.577235772357724
23.58490566037736
23.655913978494624
23.684210526315788
23.684210526315788
23.853211009174313
23.863636363636363
23.943661971830984
24.0
24.06015037593985
24.137931034482758
24.137931034482758
24.324324324324326
24.390243902439025
24.615384615384617
24.675324675324674
24.675324675324674
24.742268041237114
24.778761061946902
25.0
25.0
25.0
25.301204819277107
25.31645569620253
25.352112676056336
25.438596491228072
25.510204081632654
25.555555555555554
25.555555555555554
25.555555555555554
25.78125
25.806451612903224
25.882352941176475
26.027397260273972
26.027397260273972
26.08695652173913
26.126126126126124
26.25
26.31578947368421
26.31578947368421
26.38888888888889
26.38888888888889
26.506024096385545
26.582278481012654
26.666666666666668
26.744186046511626
26.865671641791046
26.881720430107524
26.923076923076923
26.923076923076923
27.083333333333332
27.11864406779661
27.40740740740741
27.722772277227726
27.77777777777778
27.848101265822784
27.848101265822784
27.906976744186046
28.04878048780488
28.125
28.155339805825243
28.40909090909091
28.421052631578945
28.57142857142857
28.71287128712871
28.915662650602407
28.947368421052634
29.1044776119403
29.11392405063291
29.166666666666668
29.411764705882355
29.411764705882355
29.411764705882355
29.411764705882355
29.457364341085274
29.47368421052631
29.577464788732392
29.591836734693878
29.66101694915254
29.761904761904763
30.136986301369863
30.208333333333332
30.275229357798167
30.37974683544304
30.434782608695656
30.48780487804878
30.48780487804878
30.48780487804878
30.58823529411765
30.76923076923077
30.985915492957744
31.16883116883117
31.25
31.297709923664126
31.46067415730337
31.521739130434785
31.88405797101449
31.914893617021278
31.932773109243694
32.0
32.142857142857146
32.53012048192771
32.55813953488372
32.6530612244898
32.758620689655174
32.800000000000004
32.83582089552239
32.87671232876712
32.91139240506329
32.91139240506329
32.95454545454545
32.97872340425532
33.0
33.0
33.035714285714285
33.33333333333333
33.33333333333333
33.33333333333333
33.6283185840708
33.68421052631579
34.065934065934066
34.11764705882353
34.177215189873415
34.177215189873415
34.21052631578947
34.523809523809526
34.523809523809526
34.65346534653465
34.73684210526316
34.93975903614458
35.0
35.064935064935064
35.35353535353536
35.35353535353536
35.44303797468354
35.44303797468354
36.11111111111111
36.144578313253014
36.17021276595745
36.26373626373626
36.84210526315789
37.234042553191486
37.362637362637365
37.5
37.89473684210527
37.9746835443038
37.9746835443038
38.095238095238095
38.392857142857146
38.46153846153847
38.46153846153847
38.53211009174312
38.53211009174312
38.73873873873874
38.75
39.02439024390244
39.02439024390244
39.189189189189186
39.24050632911392
39.39393939393939
39.39393939393939
39.473684210526315
39.49579831932773
40.0
40.0
40.19607843137255
40.36697247706422
40.50632911392405
40.50632911392405
40.50632911392405
40.5940594059406
40.625
40.77669902912621
41.0
41.02564102564102
41.41414141414141
41.74757281553398
41.904761904761905
42.35294117647059
42.391304347826086
42.391304347826086
42.42424242424242
42.5287356321839
42.857142857142854
42.857142857142854
42.98245614035088
43.13725490196079
43.42105263157895
43.43434343434344
43.47826086956522
43.47826086956522
43.69747899159664
43.75
43.83561643835616
44.086021505376344
44.086021505376344
44.086021505376344
44.303797468354425
44.31818181818182
44.44444444444444
44.44444444444444
44.554455445544555
44.73684210526316
44.827586206896555
44.9438202247191
45.09803921568628
45.09803921568628
45.1219512195122
45.16129032258064
45.23809523809524
45.33333333333333
45.45454545454545
45.88235294117647
46.05263157894737
46.25
46.2962962962963
46.51162790697674
46.57534246575342
46.590909090909086
46.61016949152542
46.666666666666664
46.835443037974684
47.0
47.19101123595505
47.19101123595505
47.31182795698925
47.368421052631575
47.45762711864407
47.57281553398058
47.706422018348626
47.91666666666667
47.94520547945205
48.10126582278481
48.148148148148145
48.421052631578945
48.45360824742268
48.717948717948715
48.80952380952381
48.80952380952381
49.01960784313725
49.107142857142854
49.23076923076923
49.36708860759494
50.0
50.0
50.0
50.0
50.0
50.495049504950494
50.526315789473685
50.526315789473685
50.57471264367817
50.57471264367817
50.588235294117645
50.66666666666667
51.28205128205128
51.76470588235295
51.89873417721519
51.89873417721519
52.38095238095239
52.4390243902439
52.68817204301075
52.94117647058824
52.94117647058824
53.01204819277109
53.42465753424658
53.75
53.94736842105263
54.11764705882353
54.21686746987952
54.285714285714285
55.294117647058826
55.319148936170215
55.660377358490564
55.69620253164557
55.69620253164557
55.714285714285715
55.714285714285715
55.78947368421052
56.00000000000001
56.16438356164384
56.52173913043478
56.97674418604651
56.97674418604651
56.99999999999999
57.14285714285714
57.14285714285714
57.291666666666664
57.49999999999999
57.73195876288659
57.74647887323944
58.0246913580247
58.16326530612245
58.333333333333336
58.57142857142858
58.87850467289719
58.9041095890411
58.94736842105262
59.09090909090909
59.13978494623656
59.210526315789465
59.45945945945946
59.523809523809526
59.63302752293578
59.72222222222222
59.80392156862745
60.0
60.0
60.18518518518518
60.215053763440864
60.24096385542169
60.256410256410255
60.43956043956044
60.86956521739131
61.038961038961034
61.05263157894737
61.111111111111114
61.111111111111114
61.165048543689316
61.29032258064516
61.32075471698113
61.36363636363637
61.44578313253012
61.76470588235294
61.95652173913043
62.13592233009708
62.5
62.5
62.76595744680851
63.04347826086957
63.1578947368421
63.23529411764706
63.366336633663366
63.41463414634146
63.74999999999999
63.829787234042556
63.91752577319587
64.44444444444444
64.61538461538461
64.86486486486487
65.3061224489796
65.59139784946237
65.625
65.75342465753424
65.78947368421053
65.9090909090909
66.17647058823529
66.19718309859155
66.29213483146067
66.3265306122449
66.66666666666666
67.03296703296702
67.32673267326733
67.5
67.70833333333334
67.77777777777779
67.77777777777779
68.13186813186813
68.53932584269663
69.0721649484536
69.1358024691358
69.31818181818183
69.47368421052632
69.76744186046511
70.0
70.65217391304348
70.76923076923077
70.93023255813954
71.05263157894737
71.08433734939759
71.1340206185567
71.21212121212122
71.76470588235294
71.7948717948718
72.0
72.3404255319149
72.36842105263158
72.41379310344827
72.6027397260274
72.6027397260274
72.6027397260274
72.72727272727273
73.40425531914893
73.40425531914893
73.5632183908046
73.5632183908046
73.97260273972603
74.46808510638297
75.0
75.0
75.0
75.0
75.29411764705883
76.04166666666666
76.08695652173914
76.38888888888889
76.38888888888889
77.14285714285715
77.38095238095238
77.38095238095238
77.46478873239437
77.63157894736842
77.64705882352942
77.90697674418605
77.90697674418605
78.3132530120482
78.48101265822784
78.72340425531915
78.82352941176471
78.82352941176471
78.94736842105263
79.01234567901234
79.01234567901234
79.06976744186046
79.26829268292683
79.3103448275862
79.34782608695652
79.34782608695652
79.51807228915662
79.74683544303798
80.0
80.0
80.21978021978022
80.48780487804879
80.68181818181817
80.72289156626506
81.0
81.57894736842105
81.69014084507043
81.69014084507043
82.05128205128204
82.66666666666667
83.09859154929578
83.13253012048193
83.54430379746836
83.69565217391305
84.50704225352112
84.81012658227847
85.18518518518519
85.43689320388349
85.71428571428571
86.25
86.58536585365853
87.5
87.67123287671232
88.04347826086956
88.23529411764706
88.75
89.01098901098901
89.77272727272727
89.87341772151899
90.0
90.2439024390244
90.54054054054053
92.0
93.67088607594937
93.67088607594937
93.90243902439023
94.36619718309859
94.87179487179486
96.05263157894737
97.70114942528735
97.70114942528735
98.68421052631578
100.0
100.0
101.19047619047619
101.19047619047619
101.33333333333334
101.35135135135135
101.38888888888889
102.7027027027027
103.7037037037037
103.75000000000001
103.79746835443038
105.33333333333333
106.02409638554218
106.09756097560977
106.25
107.2289156626506
107.89473684210526
108.64197530864197
109.75609756097562
110.12658227848102
112.85714285714286
112.85714285714286
112.98701298701299
113.9240506329114
114.28571428571428
114.4736842105263
115.11627906976744
115.27777777777777
115.27777777777777
115.5844155844156
115.78947368421053
116.90140845070422
117.91044776119404
118.66666666666667
118.66666666666667
119.6969696969697
121.1111111111111
121.62162162162163
123.61111111111111
132.0
132.3076923076923
132.85714285714286
136.48648648648648
136.76470588235296
138.66666666666669
138.88888888888889
141.42857142857144
141.42857142857144
142.64705882352942
151.38888888888889
152.23880597014926
170.4225352112676
