Number of Runs,148

Direct 95% Percentile CI Width,123.28827129443326
Direct 95% Percentile CI Lower Bound,-56.175595238095234
Direct 95% Percentile CI Upper Bound,67.11267605633803

Bootstrap 95% Percentile CI Width,4.574140989877412
Bootstrap 95% Percentile CI Lower Bound,12.410841654778887
Bootstrap 95% Percentile CI Upper Bound,16.9849826446563

Percentage Difference (%)
-60.39867109634551
-59.75869410929737
-58.545197740113
-56.175595238095234
-43.375
-32.624633431085044
-22.169811320754718
-14.380384360503646
-12.17440543601359
-10.763520678685047
-8.59465737514518
-8.249721293199554
-7.116104868913857
-6.256921373200443
-5.786026200873363
-3.8509316770186333
-3.680598877105427
-3.27132777421424
-2.8183716075156577
2.112211221122112
2.2712524334847504
2.5517241379310347
3.1335149863760217
3.6120401337792645
4.104699583581202
4.758757435558493
4.803202134756504
5.034013605442176
5.168986083499006
5.585464333781965
5.737158105403602
6.179401993355482
6.482064191315293
6.666666666666667
6.961178045515395
7.005003573981415
7.436918990703852
7.479784366576819
7.613868116927261
7.6190476190476195
7.677165354330709
7.86275911365261
8.048289738430583
8.51063829787234
8.591549295774648
8.749145591250855
9.370725034199728
9.752839011356047
10.84967320261438
11.023622047244094
11.056682995101468
11.185983827493262
11.20507399577167
11.27554615926709
11.67728237791932
11.698612029081296
11.90328580285183
12.097351467430208
12.196861626248216
12.237509051412019
12.251655629139073
12.284334023464458
12.410841654778887
12.411347517730496
12.642045454545455
12.651030561478322
12.687585266030013
12.771929824561404
12.78735632183908
12.993971868720697
13.195435092724678
13.570938999314599
13.87323943661972
13.956834532374101
14.224751066856332
14.23487544483986
14.508138711960367
14.569083447332421
14.755295836376916
15.531135531135531
15.95900439238653
16.191155492154067
16.252518468770987
16.54275092936803
16.81178834561286
17.1303074670571
17.158176943699733
17.38255033557047
17.384952520087655
17.475035663338087
17.531044558071585
17.580071174377224
17.76798825256975
18.121790168745413
18.670649738610905
18.876080691642652
19.458128078817737
19.47405828002843
20.16865776528461
20.35928143712575
20.388349514563107
22.597212032281732
24.175824175824175
24.405594405594407
24.578651685393258
25.617501764290758
25.720309205903018
26.464361326746648
27.290705339485825
27.38255033557047
29.34472934472934
30.577956989247312
32.61032161555722
33.31000699790063
33.64611260053619
34.811529933481154
35.222381635581065
35.24416135881104
37.2093023255814
37.42255266418835
38.693098384728344
39.09985935302391
39.39838591342627
39.42307692307692
39.812814974802016
40.38893044128646
41.068917018284104
41.85714285714286
42.886317222600404
42.90780141843972
43.23550465282749
46.38422205989773
46.774193548387096
47.15719063545151
49.21465968586388
50.423131170662906
51.09489051094891
51.25698324022346
51.635846372688476
52.61070720423001
52.93276108726752
55.762347888332144
56.00890207715133
62.934089298369955
67.11267605633803
75.31824611032532
76.8901569186876
357.37051792828686
