Number of Runs,248

Direct 95% Percentile CI Width,506.447963800905
Direct 95% Percentile CI Lower Bound,-71.15384615384616
Direct 95% Percentile CI Upper Bound,435.2941176470588

Bootstrap 95% Percentile CI Width,15.089131374243735
Bootstrap 95% Percentile CI Lower Bound,-11.242977528089888
Bootstrap 95% Percentile CI Upper Bound,3.8461538461538463

Percentage Difference (%)
-83.79888268156425
-83.33333333333334
-75.53191489361703
-74.16666666666667
-72.87234042553192
-72.72727272727273
-71.15384615384616
-70.75471698113208
-70.70707070707071
-70.70707070707071
-70.58823529411765
-70.10309278350515
-69.0721649484536
-69.02173913043478
-67.77777777777779
-67.74193548387096
-67.3913043478261
-66.66666666666666
-65.9090909090909
-65.51724137931035
-65.1685393258427
-65.1685393258427
-65.11627906976744
-64.70588235294117
-64.19753086419753
-63.85542168674698
-63.85542168674698
-63.52941176470588
-63.13131313131313
-62.7906976744186
-62.06896551724138
-61.904761904761905
-61.74863387978142
-61.53846153846154
-61.111111111111114
-60.24096385542169
-59.09090909090909
-59.04761904761905
-58.75
-58.252427184466015
-57.831325301204814
-57.55813953488372
-56.84210526315789
-56.38297872340425
-55.0561797752809
-53.299492385786806
-52.80898876404494
-52.42718446601942
-50.51546391752577
-49.152542372881356
-44.44444444444444
-44.26229508196721
-44.03669724770643
-44.0
-41.62162162162162
-40.476190476190474
-40.0
-39.89637305699482
-36.607142857142854
-34.90566037735849
-34.090909090909086
-32.25806451612903
-31.428571428571427
-31.11111111111111
-30.0
-30.0
-29.245283018867923
-27.906976744186046
-27.358490566037734
-27.049180327868854
-26.595744680851062
-26.168224299065418
-25.53191489361702
-25.0
-24.59016393442623
-24.210526315789473
-24.107142857142858
-23.655913978494624
-23.404255319148938
-23.333333333333332
-22.988505747126435
-22.727272727272727
-20.43010752688172
-19.101123595505616
-18.75
-18.478260869565215
-18.181818181818183
-18.095238095238095
-17.733990147783253
-17.346938775510203
-17.142857142857142
-17.02127659574468
-16.8141592920354
-16.8141592920354
-16.666666666666664
-16.666666666666664
-15.294117647058824
-15.151515151515152
-14.814814814814813
-13.636363636363635
-13.095238095238097
-12.195121951219512
-12.096774193548388
-11.842105263157894
-11.475409836065573
-11.41304347826087
-11.34020618556701
-11.25
-11.25
-11.235955056179774
-10.309278350515463
-10.0
-9.289617486338798
-8.695652173913043
-8.433734939759036
-8.411214953271028
-6.8181818181818175
-6.741573033707865
-6.329113924050633
-6.0606060606060606
-5.88235294117647
-4.324324324324325
-3.6458333333333335
-3.3333333333333335
-2.6881720430107525
-1.1049723756906076
-1.0869565217391304
-1.06951871657754
0.0
0.0
0.0
1.6853932584269662
3.225806451612903
3.4090909090909087
3.4482758620689653
3.4482758620689653
3.571428571428571
3.571428571428571
3.8461538461538463
3.8461538461538463
5.555555555555555
6.451612903225806
6.569343065693431
7.051282051282051
7.142857142857142
7.4074074074074066
7.647058823529412
7.741935483870968
8.064516129032258
9.411764705882353
9.67741935483871
11.827956989247312
11.834319526627219
12.5
13.793103448275861
15.384615384615385
17.24137931034483
17.5
17.857142857142858
19.11764705882353
19.480519480519483
20.3125
21.176470588235293
21.935483870967744
26.38888888888889
28.037383177570092
29.411764705882355
30.508474576271187
31.343283582089555
31.944444444444443
33.33333333333333
40.50632911392405
41.08527131782946
42.028985507246375
44.751381215469614
48.148148148148145
53.333333333333336
56.63716814159292
60.747663551401864
65.625
66.33663366336634
66.66666666666666
68.75
69.47368421052632
69.56521739130434
76.47058823529412
79.41176470588235
81.91489361702128
87.8048780487805
92.15686274509804
93.75
93.87755102040816
94.89795918367348
97.05882352941177
97.6470588235294
98.94736842105263
105.12820512820514
115.625
116.66666666666667
118.4782608695652
123.33333333333334
124.13793103448276
126.66666666666666
129.62962962962962
132.5
132.5
135.13513513513513
135.71428571428572
136.70886075949366
137.93103448275863
141.3793103448276
144.82758620689654
151.72413793103448
151.85185185185185
153.57142857142858
153.57142857142858
158.06451612903226
164.28571428571428
164.28571428571428
167.85714285714286
175.0
175.0
178.33333333333334
182.14285714285714
182.14285714285714
182.35294117647058
185.71428571428572
188.23529411764704
191.07142857142858
193.75
196.42857142857142
203.2258064516129
217.85714285714283
222.64150943396226
229.62962962962962
231.0344827586207
248.14814814814815
248.27586206896552
255.55555555555554
289.2857142857143
367.5675675675676
435.2941176470588
465.51724137931035
476.0869565217392
479.3103448275862
482.7586206896552
496.2962962962963
577.7777777777777
