Number of Runs,2419

Direct 95% Percentile CI Width,14.816102402830328
Direct 95% Percentile CI Lower Bound,-2.2872340425531914
Direct 95% Percentile CI Upper Bound,12.528868360277137

Bootstrap 95% Percentile CI Width,0.37992534619740326
Bootstrap 95% Percentile CI Lower Bound,4.45789763346175
Bootstrap 95% Percentile CI Upper Bound,4.837822979659153

Percentage Difference (%)
-11.233269598470363
-10.978956999085087
-9.405255878284924
-8.925049309664693
-5.478036175710594
-4.801670146137787
-4.786680541103017
-4.766893661602934
-4.569327731092437
-4.413291796469367
-4.33174854727945
-4.327424400417101
-4.149159663865546
-4.111755403268318
-4.021164021164021
-3.972457627118644
-3.964059196617336
-3.907074973600845
-3.8365719980069755
-3.836048344718865
-3.8259958071278826
-3.783499737256963
-3.779527559055118
-3.6939313984168867
-3.6450079239302693
-3.6354056902002108
-3.6093418259023355
-3.5318924617817604
-3.4282700421940926
-3.3457249070631967
-3.338632750397456
-3.278688524590164
-3.2568072610784835
-3.215603584607275
-3.149606299212598
-3.147953830010493
-3.125
-3.120042305658382
-3.0949839914621133
-3.0752916224814424
-3.04162219850587
-2.9723991507431
-2.9504741833508956
-2.9208709506107278
-2.9023746701846966
-2.8251599147121538
-2.786540483701367
-2.7777777777777777
-2.748414376321353
-2.7469624933967247
-2.7316550615961437
-2.5953389830508473
-2.588483888008452
-2.5654450261780104
-2.5196850393700787
-2.4638457418318156
-2.433862433862434
-2.3466666666666667
-2.319451765946231
-2.31058570660935
-2.2872340425531914
-2.2388059701492535
-2.2222222222222223
-2.19017094017094
-2.1633315305570577
-2.1551724137931036
-2.0967741935483875
-2.08222103577149
-2.0711630377057886
-2.0629190304280556
-2.0474137931034484
-1.9649495485926711
-1.9241047568145375
-1.8949648077964267
-1.881720430107527
-1.881720430107527
-1.8730489073881373
-1.8656716417910446
-1.8459915611814346
-1.8269747447608813
-1.8269747447608813
-1.8240343347639485
-1.8191546281433921
-1.8181818181818181
-1.7951425554382259
-1.7875920084121977
-1.7828200972447326
-1.780104712041885
-1.769436997319035
-1.7684887459807075
-1.7609391675560297
-1.751674394641937
-1.7451084082496033
-1.738672286617492
-1.7334777898158178
-1.7176596886741815
-1.7158176943699734
-1.7121455323702512
-1.7057569296375266
-1.703940362087327
-1.6904384574749076
-1.6789087093389297
-1.6720604099244876
-1.6657710908113916
-1.6550987720234915
-1.639344262295082
-1.5932023366967605
-1.5616866215512752
-1.5541264737406217
-1.553294054633101
-1.5508021390374331
-1.529535864978903
-1.520912547528517
-1.4737991266375545
-1.4659685863874345
-1.4634146341463417
-1.4621409921671018
-1.4594594594594594
-1.4130434782608696
-1.4091858037578289
-1.3866666666666667
-1.3557483731019524
-1.3433637829124128
-1.2786361214704314
-1.2445887445887447
-1.2365591397849462
-1.208617971623752
-1.208617971623752
-1.1963023382272975
-1.1891891891891893
-1.1872638963842417
-1.1720831113478956
-1.160337552742616
-1.13882863340564
-1.1387163561076603
-1.1357490535424553
-1.1332973556395036
-1.1087645195353748
-1.0828370330265296
-1.0804970286331712
-1.0770059235325793
-1.0741138560687433
-1.0465724751439036
-1.0084925690021231
-0.9984235417761429
-0.9734991887506761
-0.9724473257698543
-0.9713977334052887
-0.9703504043126685
-0.967741935483871
-0.913978494623656
-0.9134873723804406
-0.8919202518363064
-0.8877284595300261
-0.8771929824561403
-0.8767123287671232
-0.8762322015334063
-0.8738394320043691
-0.8667388949079089
-0.8667388949079089
-0.8658008658008658
-0.862533692722372
-0.8611410118406888
-0.8537886872998933
-0.8479067302596714
-0.8381351492928235
-0.8381351492928235
-0.8081896551724138
-0.8077544426494345
-0.7853403141361256
-0.7667031763417306
-0.7543103448275862
-0.7494646680942184
-0.7364544976328248
-0.7356805044666317
-0.7322175732217573
-0.7310704960835509
-0.7038440714672441
-0.6863780359028511
-0.6856540084388186
-0.6827731092436975
-0.6795608991113434
-0.6560962274466922
-0.6525285481239804
-0.646551724137931
-0.6359300476947536
-0.6345848757271285
-0.6305832895428272
-0.6263048016701461
-0.6037321624588364
-0.5958829902491874
-0.588865096359743
-0.5866666666666667
-0.5841741901221456
-0.583554376657825
-0.5780346820809248
-0.5735140771637122
-0.5417118093174431
-0.5417118093174431
-0.5399568034557235
-0.5379236148466917
-0.5310674455655868
-0.5307855626326964
-0.4936917169500823
-0.4931506849315068
-0.48727666486193827
-0.4388370817334065
-0.43360433604336046
-0.3837719298245614
-0.3785830178474851
-0.3686150605581885
-0.36726128016789084
-0.3643935450286309
-0.3294892915980231
-0.32912781130005486
-0.3262642740619902
-0.32310177705977383
-0.27578599007170435
-0.27533039647577096
-0.2741228070175438
-0.2630194634402946
-0.2201430930104568
-0.2188183807439825
-0.21231422505307856
-0.15682174594877157
-0.1100715465052284
-0.10995052226498077
-0.1088139281828074
-0.10804970286331712
-0.10638297872340426
-0.10537407797681769
-0.10411244143675169
-0.0550357732526142
-0.054854635216675815
-0.054466230936819175
-0.05422993492407809
-0.05370569280343716
-0.05339028296849973
-0.052410901467505246
0.0
0.0
0.0
0.0
0.0
0.0
0.0
0.0
0.0
0.0
0.0
0.0
0.05254860746190226
0.05254860746190226
0.05263157894736842
0.05277044854881266
0.052854122621564484
0.05333333333333334
0.05390835579514825
0.05428881650380022
0.0543773790103317
0.05461496450027307
0.054854635216675815
0.10476689366160294
0.10559662090813093
0.10576414595452141
0.10615711252653928
0.10712372790573112
0.10810810810810811
0.10970927043335163
0.10989010989010989
0.15889830508474578
0.15889830508474578
0.1620745542949757
0.16393442622950818
0.21141649048625794
0.2120890774125133
0.21242697822623471
0.21621621621621623
0.21621621621621623
0.21739130434782608
0.21929824561403508
0.22026431718061676
0.22123893805309736
0.26983270372369134
0.27427317608337903
0.316288877174486
0.3171247357293869
0.31729243786356426
0.31779661016949157
0.3271537622682661
0.3289473684210526
0.32912781130005486
0.3293084522502744
0.3711558854718982
0.3757380568974772
0.37735849056603776
0.37756202804746497
0.3804347826086957
0.38105606967882416
0.3835616438356164
0.385038503850385
0.3869541182974019
0.42016806722689076
0.4282655246252677
0.42987641053197206
0.4317323259579061
0.4326663061114116
0.4371584699453552
0.4388370817334065
0.4402861860209136
0.441257584114727
0.4726890756302521
0.47343503419253025
0.482573726541555
0.4899292324442025
0.49126637554585156
0.49180327868852464
0.4923413566739606
0.4934210526315789
0.49504950495049505
0.4980630879911455
0.5299417064122947
0.531632110579479
0.5414185165132648
0.5494505494505495
0.5497526113249038
0.5524861878453038
0.5780346820809248
0.582010582010582
0.5832449628844115
0.5841741901221456
0.5857294994675186
0.5869797225186766
0.588550026752274
0.5891805034815212
0.5971769815418024
0.603400987383434
0.603400987383434
0.6037321624588364
0.6047278724573941
0.6207966890843248
0.628930817610063
0.6305832895428272
0.631911532385466
0.6420545746388443
0.6525285481239804
0.6586169045005488
0.6637168141592921
0.6718346253229974
0.6929637526652452
0.7072905331882481
0.7096069868995634
0.712719298245614
0.7166482910694598
0.7222222222222222
0.7407407407407408
0.7446808510638299
0.7450771687067589
0.7692307692307693
0.7730535615681944
0.790722192936215
0.791974656810982
0.7957559681697612
0.7957559681697612
0.8103727714748784
0.8116883116883116
0.8134490238611713
0.8161044613710555
0.8183306055646482
0.8210180623973727
0.8228195282501372
0.8287292817679558
0.8287292817679558
0.8296460176991152
0.8407777193904361
0.8456659619450317
0.8461131676361713
0.8470089994706195
0.8488063660477453
0.8583690987124464
0.8588298443370908
0.8719346049046321
0.87527352297593
0.8791208791208791
0.8820286659316428
0.8883953359244865
0.8942661756970015
0.8980454305335447
0.9057005860415557
0.9076348104644953
0.9081196581196582
0.91991341991342
0.9381898454746136
0.9407858328721639
0.9428729894620078
0.944386149003148
0.9473684210526316
0.9620523784072688
0.966183574879227
0.966183574879227
0.9687836383207751
0.9687836383207751
0.9719222462203023
0.9939260077305356
0.9984235417761429
0.9994447529150472
1.007423117709438
1.0084925690021231
1.009028146574615
1.0127931769722816
1.0138740661686232
1.0182207931404073
1.0491441192711208
1.053740779768177
1.0615711252653928
1.0626992561105209
1.0655301012253597
1.070090957731407
1.07469102632993
1.1023622047244095
1.1031439602868174
1.1049723756906076
1.1154489682097044
1.1176157530601383
1.1182108626198082
1.1254019292604502
1.1308562197092082
1.1394465545306565
1.1456628477905073
1.154480483782298
1.1563876651982379
1.1583011583011582
1.1589403973509933
1.1615628299894403
1.1652542372881356
1.167728237791932
1.1708355508249069
1.174586225306994
1.1783610069630424
1.1796246648793565
1.182160128962923
1.193058568329718
1.2010443864229765
1.2048192771084338
1.2067156348373556
1.21012101210121
1.2161415146489774
1.2276785714285714
1.2339055793991416
1.2398921832884098
1.2591815320041972
1.2658227848101267
1.2698412698412698
1.2718600953895072
1.2728278915329274
1.277777777777778
1.28
1.288936627282492
1.2987012987012987
1.2994044396318354
1.3071895424836601
1.3283740701381508
1.3304949441192122
1.3377926421404682
1.3383297644539616
1.3433637829124128
1.3440860215053763
1.3513513513513513
1.3623978201634876
1.3763896241397564
1.3766519823788546
1.3789299503585217
1.3804527885146327
1.3812154696132597
1.388147357180993
1.3911182450508293
1.394101876675603
1.3955984970477724
1.3993541442411195
1.427061310782241
1.4325068870523416
1.4380530973451326
1.4396456256921373
1.4396456256921373
1.4446227929373996
1.44617032672737
1.4531754574811624
1.4675052410901468
1.4689880304679
1.4721919302071973
1.4721919302071973
1.481888035126235
1.4835164835164834
1.4843320505772404
1.4917127071823204
1.4925373134328357
1.4966740576496673
1.4989293361884368
1.500833796553641
1.5053763440860215
1.5069967707212055
1.5303430079155673
1.5317286652078774
1.5352038115404976
1.5409139213602552
1.5469613259668509
1.550387596899225
1.553829078801332
1.555793991416309
1.5583019881783988
1.564245810055866
1.5650296815974094
1.5675675675675675
1.574803149606299
1.5923566878980893
1.5932023366967605
1.594282572842221
1.5948963317384368
1.5974440894568689
1.5986769570011026
1.6
1.6048699501936912
1.611170784103115
1.6120066703724294
1.6251354279523293
1.6264428121720882
1.62900683131897
1.6556291390728477
1.6604177825388324
1.6611295681063125
1.664876476906552
1.669449081803005
1.6720604099244876
1.6738660907127432
1.675041876046901
1.699561403508772
1.7057569296375266
1.7121455323702512
1.714898177920686
1.714898177920686
1.71606864274571
1.7185821697099892
1.7350157728706623
1.7359284587059443
1.7419706042460534
1.7476788640087382
1.7515923566878981
1.7571884984025559
1.7582417582417582
1.76
1.7684887459807075
1.7722878625134264
1.776103336921421
1.778975741239892
1.7808958445763627
1.8056293149229952
1.812366737739872
1.814300960512273
1.814300960512273
1.8250134192163179
1.830910070005385
1.8328840970350404
1.839464882943144
1.8404907975460123
1.8435754189944136
1.8450184501845017
1.8489170628631801
1.8743109151047408
1.8794914317302378
1.8878101402373246
1.889763779527559
1.8929150892374256
1.894150417827298
1.8957345971563981
1.9011406844106464
1.9118428040361128
1.9146608315098468
1.9167579408543263
1.9179541822056474
1.9179541822056474
1.9188596491228072
1.9220501868659905
1.9230769230769231
1.9230769230769231
1.9417475728155338
1.9427954668105774
1.9448946515397085
1.9455252918287937
1.9455252918287937
1.9466073414905452
1.948051948051948
1.9501625135427951
1.9525065963060684
1.9533369506239826
1.957585644371941
1.9743863393810033
1.9871106337271751
1.9884877027734171
1.992460958535272
1.9926586261143155
2.0042194092827006
2.013057671381937
2.021857923497268
2.0408163265306123
2.0441988950276246
2.0483193277310923
2.0507285483000537
2.055164954029205
2.0708446866485013
2.079912424740011
2.085561497326203
2.090032154340836
2.0913593835993396
2.102425876010782
2.1030494216614093
2.1058315334773217
2.112676056338028
2.113821138211382
2.1141649048625792
2.1158129175946545
2.1299836155106497
2.144035184167125
2.1487603305785123
2.151694459386767
2.1551724137931036
2.155887230514096
2.1567596002104157
2.1586616297895307
2.1621621621621623
2.164730728616684
2.1739130434782608
2.1893814997263275
2.1936864633493847
2.196595277320154
2.203116603976357
2.2066738428417656
2.2102425876010785
2.23433242506812
2.237613212573255
2.2399999999999998
2.241662110442865
2.2495982860203534
2.2515101592531575
2.2520107238605895
2.2592791823561056
2.2614451185879756
2.2679324894514767
2.275189599133261
2.27765726681128
2.286670384829894
2.2872340425531914
2.2945570971184632
2.304394426580922
2.3064250411861615
2.309344790547798
2.3130715438407745
2.319309600862999
2.3205612520237455
2.323068611561318
2.3255813953488373
2.3255813953488373
2.326839826839827
2.328099621007038
2.3292747485442034
2.3307436182019976
2.34375
2.3605150214592276
2.3652365236523654
2.3655913978494625
2.3681377825618943
2.3717595146166577
2.3759239704329462
2.3770934629929767
2.3783783783783785
2.3783783783783785
2.382241472658365
2.38353196099675
2.3939064200217626
2.3978201634877383
2.3978201634877383
2.4070021881838075
2.408963585434174
2.4149286498353457
2.4154589371980677
2.4245689655172415
2.4271844660194173
2.4350649350649354
2.4350649350649354
2.4363833243096917
2.4429102496016992
2.4456521739130435
2.463605823068309
2.4731182795698925
2.474448628294782
2.476290832455216
2.480211081794195
2.4807056229327453
2.484815019326339
2.4903154399557277
2.490525175961018
2.5
2.516411378555799
2.5170424750917673
2.5274725274725274
2.5282409897794516
2.5330396475770924
2.535059331175836
2.536427415002698
2.5391680172879525
2.539503386004515
2.5400331308669246
2.540540540540541
2.540540540540541
2.541914548404543
2.5446670276123444
2.557127312295974
2.562674094707521
2.568218298555377
2.5792584631918323
2.591792656587473
2.5953389830508473
2.5980911983032873
2.6072786529060292
2.6164311878597593
2.6243849097867686
2.62582056892779
2.6273458445040214
2.651113467656416
2.6539278131634823
2.655826558265583
2.6578073089700998
2.6624068157614484
2.6637069922308543
2.663825253063399
2.665941240478781
2.666666666666667
2.6696329254727478
2.672367717797969
2.677595628415301
2.680965147453083
2.689352360043908
2.694136291600634
2.701271186440678
2.701271186440678
2.707092582566324
2.718550106609808
2.7218290691344587
2.7218290691344587
2.7247956403269753
2.7382256297918945
2.744886975242196
2.750809061488673
2.758247701460249
2.7609055770292654
2.7670171555063643
2.774755168661589
2.782509937535491
2.787068004459309
2.7896995708154506
2.7917364600781687
2.798708288482239
2.8047464940668827
2.8047464940668827
2.8062601187263896
2.8153762858689766
2.8153762858689766
2.82064928153273
2.8245518739815316
2.8281750266808965
2.8349082823790996
2.8387787895018746
2.8387787895018746
2.841823056300268
2.844873859366613
2.8477546549835706
2.850877192982456
2.852529601722282
2.8555738605161998
2.8616852146263914
2.867965367965368
2.8745163073521285
2.875746066196419
2.8773072747014115
2.88153681963714
2.888888888888889
2.8914348063284234
2.8921023359288096
2.89234065345474
2.89234065345474
2.896995708154506
2.8977583378895573
2.9001074113856067
2.9001074113856067
2.9017857142857144
2.9069767441860463
2.9069767441860463
2.9136888400219902
2.9260780287474333
2.9330381848367457
2.9347826086956523
2.941176470588235
2.947481243301179
2.9506437768240343
2.973568281938326
2.973977695167286
2.977801840822956
2.983425414364641
2.984264785675529
2.992383025027203
2.998909487459106
3.0033370411568407
3.008752735229759
3.023639362286971
3.0434782608695654
3.0467899891186074
3.055100927441353
3.064516129032258
3.066164604626143
3.0691964285714284
3.071120689655172
3.071859572133845
3.073661897191309
3.076092822450081
3.081081081081081
3.0827474310438077
3.0827474310438077
3.0844155844155843
3.0844155844155843
3.090037293553543
3.100338218714769
3.1091011871113623
3.111587982832618
3.113052976515565
3.1149301825993554
3.1198686371100166
3.125
3.125
3.128430296377607
3.1334413830361965
3.135498320268757
3.1404958677685952
3.145695364238411
3.154399557277255
3.166666666666667
3.1719532554257093
3.1746031746031744
3.1754574811625407
3.1788793103448274
3.1823085221143472
3.190883190883191
3.1920748486516235
3.1991174848317705
3.2082653616095707
3.2100108813928183
3.213507625272331
3.2137118371719335
3.215434083601286
3.2188841201716736
3.2293377120963327
3.2311062431544357
3.231292517006803
3.234501347708895
3.2362459546925564
3.2381997804610316
3.2397408207343417
3.2397408207343417
3.248898678414097
3.2506887052341593
3.2697547683923704
3.273322422258593
3.278688524590164
3.2937365010799136
3.297297297297298
3.299080584099513
3.307607497243661
3.3188248095756254
3.3188248095756254
3.3262935586061246
3.3278777959629027
3.338549817423057
3.354978354978355
3.3553355335533555
3.3677349266702876
3.369565217391304
3.371970495258166
3.373231773667029
3.3743974290305303
3.3780160857908843
3.3907427341227128
3.391684901531729
3.3934252386002126
3.3980582524271843
3.4059184812953656
3.4138655462184873
3.431635388739947
3.433242506811989
3.4388646288209603
3.4408602150537635
3.446389496717724
3.4482758620689653
3.4482758620689653
3.453947368421053
3.457738748627882
3.461330448891293
3.464818763326226
3.4691629955947136
3.470715835140998
3.4817351598173514
3.4820457018498367
3.482587064676617
3.485254691689008
3.487124463519313
3.4877384196185286
3.4988713318284423
3.50109409190372
3.50109409190372
3.503010399562124
3.505933117583603
3.5135135135135136
3.514552443712246
3.515413737155219
3.5173160173160176
3.5306898424769146
3.5313001605136436
3.5383777898747955
3.540305010893246
3.5512965050732808
3.553581343697946
3.5575319622012227
3.5616438356164384
3.569497025419145
3.569497025419145
3.571428571428571
3.5752979414951245
3.5791757049891544
3.579295154185022
3.5850081477457905
3.590568060021436
3.591160220994475
3.594771241830065
3.600654664484452
3.6021505376344085
3.608786610878661
3.6099137931034484
3.6118598382749325
3.6124794745484397
3.616438356164384
3.616438356164384
3.6182485579444155
3.633405639913232
3.637350705754615
3.639326453014666
3.648068669527897
3.6488630354309888
3.650442477876106
3.6524626452684004
3.6524626452684004
3.6537380550871275
3.655210038188762
3.657205240174673
3.6604774535809024
3.664365374402549
3.665768194070081
3.6712328767123292
3.6736898973527823
3.6756756756756754
3.6813186813186816
3.6813186813186816
3.6816459122902003
3.6830357142857144
3.691084611016468
3.7057220708446867
3.707684040838259
3.707802988378528
3.7096774193548385
3.709856035437431
3.7178786221979223
3.7280701754385963
3.7301151947339553
3.732912723449001
3.7383177570093453
3.7418655097613884
3.7424325811777654
3.755364806866953
3.756124115405553
3.758169934640523
3.7631433314886555
3.763440860215054
3.77255330781848
3.774617067833698
3.774617067833698
3.7787513691128147
3.780821917808219
3.7817396002161
3.7817396002161
3.784969829950631
3.8028923406534547
3.8179916317991633
3.8288288288288284
3.8373424971363117
3.8378378378378377
3.8419913419913416
3.84407146724418
3.8461538461538463
3.8502109704641354
3.867403314917127
3.870967741935484
3.8776624795193886
3.8776624795193886
3.8819026790595954
3.885135135135135
3.8873239436619715
3.8885969521807673
3.8932146829810903
3.896103896103896
3.898305084745763
3.8995726495726495
3.901098901098901
3.902439024390244
3.909691629955947
3.917301414581066
3.917301414581066
3.919491525423729
3.920485919381557
3.9215686274509802
3.9257294429708227
3.9289558665231437
3.9331896551724137
3.9338654503990877
3.9406053683609366
3.943814154511075
3.9466666666666663
3.9523551705468325
3.9560439560439558
3.965702036441586
3.9691289966923926
3.969957081545064
3.978201634877384
3.9790575916230364
3.984504703929164
3.9889196675900274
4.0
4.00219298245614
4.004388370817334
4.0108401084010845
4.011461318051576
4.025764895330113
4.034427111350189
4.0420819490586934
4.044943820224719
4.0453074433656955
4.048807542983916
4.053303720155469
4.05924300603401
4.061784897025172
4.0672451193058565
4.077134986225895
4.081632653061225
4.081632653061225
4.089422028353326
4.089422028353326
4.094488188976378
4.097035040431267
4.101457096600107
4.105090311986864
4.10958904109589
4.11032990805841
4.121475054229935
4.123144584936778
4.133635334088336
4.14066931366988
4.141358365543899
4.143646408839778
4.143947655398037
4.14620840152755
4.150308468872686
4.151144225651943
4.157549234135667
4.157894736842105
4.164383561643835
4.166666666666666
4.166666666666666
4.168893639764832
4.180064308681672
4.185022026431718
4.185022026431718
4.18732782369146
4.18732782369146
4.189336235038085
4.189336235038085
4.209950792782942
4.2105263157894735
4.212253829321663
4.213938411669368
4.219178082191781
4.22008547008547
4.233095107201759
4.233095107201759
4.236827810972297
4.237754540451293
4.242424242424243
4.246053347849755
4.246885617214043
4.2492917847025495
4.254143646408839
4.258760107816712
4.270660011092623
4.272517321016166
4.273972602739726
4.274891774891775
4.276315789473684
4.2772062804547915
4.288164665523156
4.291845493562231
4.302261445118588
4.304635761589404
4.305177111716621
4.305177111716621
4.30939226519337
4.310344827586207
4.320987654320987
4.324324324324325
4.329004329004329
4.329004329004329
4.3311403508771935
4.34065934065934
4.350314825414997
4.352741661955907
4.355016538037487
4.379977246871445
4.383116883116883
4.384017758046615
4.393190554640308
4.399141630901288
4.399782726778924
4.400440044004401
4.405286343612335
4.4071353620146905
4.40771349862259
4.411764705882353
4.4125758411472695
4.415011037527594
4.4157242864835755
4.422332780541736
4.4228694714131604
4.430379746835443
4.431818181818182
4.434337691870381
4.434589800443459
4.43592552026287
4.438202247191011
4.439631835408771
4.441913439635535
4.443254817987152
4.444444444444445
4.445664105378705
4.448017148981779
4.450549450549451
4.451864218141346
4.452592980618125
4.45789763346175
4.45789763346175
4.459308807134894
4.460352422907489
4.462809917355372
4.462809917355372
4.47266703478741
4.475138121546961
4.476776720761052
4.477611940298507
4.480088495575221
4.482567791920309
4.48681996634885
4.487534626038781
4.488232074438971
4.500548847420418
4.51045104510451
4.51045104510451
4.516129032258064
4.517221908526256
4.518558364712211
4.5256270447110145
4.528096017457719
4.528096017457719
4.535274356103024
4.53551912568306
4.543025120256548
4.547945205479452
4.552758435993573
4.557640750670242
4.557935200439319
4.557935200439319
4.56043956043956
4.565456545654565
4.570484581497798
4.57235072619688
4.57267283614589
4.575523704520397
4.580152671755725
4.594017094017095
4.595185995623632
4.595791805094131
4.596412556053812
4.605993340732519
4.6063202999464385
4.616240266963293
4.623655913978494
4.6255506607929515
4.627109417528579
4.633204633204633
4.633867276887872
4.635761589403973
4.639737991266375
4.643628509719223
4.646017699115045
4.649890590809628
4.658721560130011
4.663487016428193
4.671374253123303
4.672897196261682
4.672897196261682
4.695837780149413
4.702022963367961
4.707170224411604
4.708994708994709
4.7091412742382275
4.712328767123288
4.7180043383947945
4.721030042918455
4.721030042918455
4.72267984623833
4.724847137298499
4.725274725274725
4.730473047304731
4.733076499724821
4.733076499724821
4.733076499724821
4.738292011019284
4.7398843930635834
4.740658114891243
4.743729552889858
4.761904761904762
4.7645429362880884
4.770017035775128
4.772353263850795
4.774678111587983
4.777777777777778
4.786324786324787
4.788112272977435
4.796030871003308
4.8061168760240305
4.808743169398907
4.8125349748181305
4.825291181364393
4.827207899067472
4.832291074474133
4.833512352309345
4.837822979659153
4.851157662624035
4.8517520215633425
4.856512141280353
4.867256637168142
4.87264673311185
4.885057471264368
4.894736842105263
4.898183819482664
4.908306364617044
4.908990623276337
4.911699779249449
4.917127071823205
4.922566371681416
4.926908500270709
4.933481152993348
4.9369171695008225
4.944444444444445
4.947773501924134
4.9504950495049505
4.953728905824714
4.954227248249865
4.964147821290679
4.967248908296943
4.969630038652678
4.980192416525184
4.983388704318937
4.984093319194061
4.989384288747346
4.997160704145371
5.00277932184547
5.005500550055006
5.010548523206751
5.011135857461024
5.023094688221709
5.024848150193264
5.032822757111598
5.033185840707965
5.0359712230215825
5.0410958904109595
5.0438596491228065
5.0471436494731
5.049944506104328
5.056818181818182
5.057724024189115
5.059203444564048
5.063291139240507
5.067385444743936
5.069637883008356
5.075292805354155
5.075593952483802
5.079365079365079
5.081967213114754
5.082872928176796
5.083829096809086
5.085682697622996
5.085682697622996
5.086640581330352
5.0903119868637114
5.09131156613171
5.096952908587258
5.098684210526316
5.100379815518177
5.101481075150851
5.101481075150851
5.107084019769357
5.115511551155116
5.115511551155116
5.117883841288096
5.118534482758621
5.119825708061002
5.126821370750135
5.126821370750135
5.138121546961326
5.143475906876016
5.147864184008762
5.148741418764303
5.160932297447281
5.161656267725468
5.161998901702361
5.16273849607183
5.164835164835164
5.166666666666667
5.176967776016904
5.179063360881543
5.198434879821129
5.210643015521065
5.213533000554631
5.217889908256881
5.225125069483046
5.236768802228412
5.236768802228412
5.2421652421652425
5.245901639344262
5.248146035367941
5.257452574525745
5.263157894736842
5.26893523600439
5.2718286655683695
5.2718286655683695
5.274847307051638
5.277777777777778
5.280348394120849
5.28071150639244
5.2836484983314795
5.2924791086350975
5.293113261240752
5.293113261240752
5.294435440302539
5.295091009376724
5.295429208472687
5.301837270341207
5.303867403314917
5.321507760532151
5.323193916349809
5.328983143012507
5.341409691629956
5.350248207391065
5.3532008830022075
5.354155047406581
5.356156819436776
5.357142857142857
5.360230547550432
5.363128491620111
5.373303167420815
5.383360522022838
5.385896724042198
5.385896724042198
5.388888888888889
5.395095367847412
5.400890868596882
5.408388520971302
5.415968732551647
5.41871921182266
5.423353624792473
5.425935973955507
5.438401775804662
5.442550852116548
5.442550852116548
5.452562704471101
5.454545454545454
5.46448087431694
5.46448087431694
5.46916890080429
5.475663716814159
5.493895671476138
5.498281786941581
5.501618122977346
5.5096418732782375
5.515320334261839
5.516495402920498
5.524861878453039
5.534246575342466
5.534246575342466
5.537098560354374
5.546026300743282
5.546580506192784
5.549510337323178
5.561555075593953
5.5619266055045875
5.577244841048522
5.579399141630901
5.583195135433941
5.58659217877095
5.60488346281909
5.607476635514018
5.619834710743802
5.6236080178173715
5.6253413435281265
5.627705627705628
5.6393076493579
5.646929824561404
5.647840531561462
5.650684931506849
5.650969529085873
5.650969529085873
5.6550951847704365
5.6571428571428575
5.6583818085668955
5.65934065934066
5.670103092783505
5.672969966629588
5.674518201284797
5.678059536934951
5.678059536934951
5.68561872909699
5.686167304537999
5.687465488680287
5.69060773480663
5.69060773480663
5.693753454947484
5.695509309967141
5.705059203444564
5.707762557077626
5.712731229597388
5.714285714285714
5.714285714285714
5.718954248366013
5.7190449750138805
5.722222222222222
5.726872246696035
5.726872246696035
5.7300275482093666
5.7314410480349345
5.7317751808569835
5.734966592427617
5.73634859349145
5.737234652897303
5.739514348785872
5.7426836002208725
5.745856353591161
5.749032614704257
5.76036866359447
5.766062602965404
5.768194070080863
5.785123966942149
5.78742348358375
5.78742348358375
5.788313120176405
5.789186237028946
5.792163543441227
5.7923497267759565
5.800334634690463
5.800334634690463
5.8068118369625905
5.810055865921788
5.810736026563364
5.825242718446602
5.833791964777105
5.836139169472503
5.839822024471635
5.840220385674931
5.846325167037862
5.8595909342178
5.8595909342178
5.862265224815025
5.872844827586207
5.88235294117647
5.888827738029719
5.901639344262295
5.904255319148937
5.90486604702023
5.908096280087528
5.916473317865429
5.918141592920354
5.918141592920354
5.918827508455468
5.921052631578947
5.921052631578947
5.9214167127836195
5.923913043478261
5.92755214050494
5.930807248764415
5.934065934065933
5.937846836847947
5.9405940594059405
5.947136563876652
5.949161709031909
5.951056729699666
5.960264900662252
5.96100278551532
5.963302752293578
5.969331872946331
5.979155238617663
5.982905982905983
5.986103687867451
5.993340732519423
6.01063829787234
6.011235955056179
6.013363028953229
6.015452538631346
6.016713091922005
6.023454157782516
6.0344827586206895
6.040637012630423
6.047278724573942
6.0589216231239575
6.062355658198614
6.065573770491803
6.068601583113456
6.077048290830168
6.079196876742889
6.079196876742889
6.0807075732448865
6.088362068965517
6.0908084163898115
6.092789267747345
6.093579978237215
6.094182825484765
6.094182825484765
6.097560975609756
6.097560975609756
6.099608282036933
6.100942872989462
6.109510086455332
6.115515288788222
6.115702479338843
6.124785346307957
6.127037661607645
6.132596685082873
6.139380530973451
6.139882541377469
6.1504667764964305
6.159822419533851
6.164757228587016
6.173526140155729
6.187290969899665
6.19074177356386
6.194196428571429
6.2015503875969
6.209850107066381
6.222943722943723
6.229143492769744
6.229143492769744
6.229143492769744
6.229143492769744
6.229327453142227
6.232132647226987
6.2395543175487465
6.2395543175487465
6.2430939226519335
6.253340459647247
6.253489670575098
6.256684491978609
6.256800870511425
6.27027027027027
6.274292059966685
6.275187104202648
6.277292576419214
6.284454244762955
6.284760845383759
6.2879205736348585
6.291759465478843
6.295264623955433
6.297502714440825
6.301824212271974
6.311207834602829
6.322155030236394
6.326304106548279
6.326987681970884
6.328392246294184
6.331877729257641
6.335335882031677
6.336853807670928
6.339581036383682
6.34226353198469
6.3430777716492
6.346578366445916
6.347438752783964
6.348345089527943
6.358381502890173
6.361185983827493
6.364678899082568
6.36604774535809
6.368715083798883
6.3711911357340725
6.373626373626373
6.380575945793337
6.381798002219756
6.381798002219756
6.392440244580322
6.3995548135781855
6.410958904109589
6.4174107142857135
6.417992320351069
6.418918918918918
6.419479800774765
6.422535211267606
6.427423674343867
6.428571428571428
6.4314171883893
6.433721575152523
6.437291897891232
6.440483036227718
6.443024494142705
6.444444444444445
6.453392167677882
6.455203116304952
6.460519050248481
6.460519050248481
6.468231253577561
6.4732142857142865
6.474820143884892
6.477516059957174
6.485013623978202
6.48793565683646
6.491326245103525
6.492089470812876
6.497175141242938
6.505376344086021
6.514285714285714
6.521739130434782
6.522911051212938
6.52294085129906
6.526429341963323
6.535947712418301
6.551724137931035
6.559199555308505
6.563500533617929
6.573275862068965
6.573816155988858
6.593406593406594
6.598712446351931
6.601607347876004
6.605922551252847
6.606942889137738
6.606942889137738
6.615214994487322
6.61563696008748
6.618464961067853
6.633221850613155
6.6473988439306355
6.651884700665188
6.655480984340045
6.655931293612453
6.655931293612453
6.659142212189615
6.666666666666667
6.666666666666667
6.670467502850627
6.674082313681868
6.677613574165299
6.684931506849315
6.685236768802229
6.688963210702341
6.709608158883522
6.713211600429646
6.717226435536294
6.725468577728775
6.728665207877461
6.729178157749587
6.730769230769231
6.7340067340067336
6.736609607951408
6.737193763919821
6.740947075208914
6.7440574903261465
6.756756756756757
6.7669172932330826
6.770833333333333
6.783369803063458
6.784335355763928
6.7853170189099
6.7928730512249444
6.793935991016283
6.802721088435375
6.802721088435375
6.803097345132743
6.803097345132743
6.805708013172337
6.813186813186813
6.813186813186813
6.815642458100559
6.823394495412844
6.829823562891292
6.829823562891292
6.83667932718394
6.839492553778268
6.843267108167771
6.847045831032579
6.852367688022285
6.8600111544896825
6.860592755214051
6.862202545655784
6.8633011911514465
6.868577609518659
6.874328678839957
6.874638937030618
6.8891280947255105
6.898454746136866
6.904109589041097
6.906077348066299
6.908267270668176
6.913996627318718
6.922660897782586
6.927374301675977
6.929046563192904
6.931246506428172
6.934097421203439
6.9407367859049645
6.946778711484594
6.947483588621445
6.955530216647662
6.959498003422704
6.963470319634703
6.975476839237057
6.984478935698448
6.985491671144546
6.985915492957746
7.002801120448179
7.003891050583658
7.005649717514125
7.008086253369273
7.0116861435726205
7.020364415862808
7.02054794520548
7.028223574986164
7.044578976334617
7.060121345835632
7.064622124863089
7.087486157253599
7.095709570957095
7.10352422907489
7.111111111111111
7.1141709695926565
7.114399544678429
7.11484593837535
7.12682379349046
7.12682379349046
7.138810198300282
7.1389346512905005
7.1389346512905005
7.142857142857142
7.166482910694598
7.170650361311839
7.173913043478261
7.175660160734787
7.181425485961124
7.182940516273851
7.185957213384531
7.186629526462395
7.189901207464325
7.195467422096318
7.197382769901854
7.198228128460686
7.208237986270023
7.214206437291898
7.219827586206897
7.227615965480043
7.232191408374117
7.252747252747254
7.252998286693319
7.258514796203238
7.2767364939360535
7.284413497589716
7.288317256162916
7.291082445316882
7.296380090497738
7.312925170068027
7.317073170731707
7.318435754189945
7.359550561797752
7.371273712737128
7.384786229872294
7.386990077177508
7.388606880992668
7.405313736574335
7.426018983807929
7.433920704845814
7.436619718309859
7.438478747203579
7.439824945295405
7.443739180611655
7.448582545858811
7.450331125827815
7.458563535911603
7.46184284906727
7.475622968580716
7.479224376731302
7.487237663074304
7.495926127104835
7.497181510710258
7.501378929950358
7.504263786242182
7.505643340857787
7.508532423208192
7.514124293785311
7.517965726920951
7.518796992481203
7.520891364902507
7.52212389380531
7.526286662977311
7.528089887640449
7.533875338753387
7.533875338753387
7.534246575342466
7.551360355358135
7.564881281060187
7.569721115537849
7.599118942731277
7.609312890403181
7.61478163493841
7.6158940397351
7.64609503003823
7.64904386951631
7.6496674057649665
7.657142857142857
7.657142857142857
7.675675675675675
7.684040838259
7.688053097345132
7.688083470620538
7.700892857142858
7.7011494252873565
7.705099778270511
7.713651498335183
7.713651498335183
7.713963963963964
7.714123652864435
7.7142857142857135
7.725788900979326
7.74764803541782
7.751511819681143
7.76255707762557
7.76255707762557
7.763300760043432
7.76483638380477
7.765897580191333
7.772877618522601
7.776560788608982
7.780195865070729
7.789358200767965
7.810718358038768
7.810718358038768
7.815173987450086
7.815964523281596
7.842014882655982
7.845303867403315
7.849640685461582
7.856341189674524
7.858328721638075
7.863247863247863
7.8677309007981755
7.8677309007981755
7.87139689578714
7.876712328767123
7.884719956498097
7.8874793160507455
7.888762769580023
7.8903189703413545
7.893242475865986
7.902217168845935
7.906712172923777
7.915273132664437
7.920227920227921
7.920227920227921
7.924107142857142
7.926829268292683
7.940033314825097
7.9470198675496695
7.9470198675496695
7.949561403508771
7.958287596048298
7.959067652075043
7.960199004975125
7.984366275823563
7.986309184255562
7.986309184255562
7.988980716253444
7.9908675799086755
7.993197278911565
7.995558023320378
7.997731140102099
8.004268943436498
8.009153318077804
8.011363636363637
8.013355592654424
8.015267175572518
8.019911504424778
8.019911504424778
8.032128514056225
8.043478260869565
8.054452637549632
8.055555555555555
8.061749571183533
8.061844284925455
8.066298342541437
8.079690094078583
8.09414466130884
8.097395243488108
8.103727714748784
8.105022831050228
8.109651627641348
8.11111111111111
8.11111111111111
8.116883116883116
8.117443868739207
8.12127774769897
8.12603648424544
8.12740252608457
8.136924803591471
8.138873079112123
8.147745790331342
8.148558758314856
8.148947652455478
8.166761850371216
8.17142857142857
8.17142857142857
8.172280508006628
8.17717206132879
8.198549916341328
8.202914193200215
8.205128205128204
8.205689277899344
8.213891951488424
8.217656857301499
8.222222222222223
8.229284903518728
8.237986270022883
8.240534521158128
8.244531688166013
8.245711123408965
8.24742268041237
8.248009101251421
8.252703471826978
8.268590455049944
8.268590455049944
8.27318156579678
8.27357970215113
8.276255707762557
8.276255707762557
8.277777777777779
8.287292817679557
8.290451686678102
8.30945558739255
8.309618668184406
8.309618668184406
8.323895809739525
8.337904552934724
8.342728297632469
8.352017937219731
8.35608956854178
8.357021034678795
8.35718374356039
8.361018826135105
8.38562464346834
8.39041095890411
8.396946564885496
8.406593406593407
8.409610983981693
8.427601809954751
8.432371250707414
8.437856328392247
8.445190156599553
8.447488584474886
8.455284552845528
8.456891817682592
8.459869848156181
8.465319497542326
8.466819221967963
8.470722001137009
8.471760797342192
8.480364257256689
8.49002849002849
8.49002849002849
8.49971477467199
8.501118568232663
8.503589177250138
8.505747126436782
8.505997818974919
8.51305334846765
8.524590163934425
8.527131782945736
8.527572484366116
8.528906697195191
8.529250956806997
8.532423208191126
8.555240793201133
8.556759840273816
8.56338028169014
8.56353591160221
8.569868995633188
8.582949308755762
8.599088838268793
8.617886178861788
8.618721461187215
8.618721461187215
8.61878453038674
8.63060989643268
8.648056923918993
8.653295128939828
8.654383026242323
8.654383026242323
8.660968660968662
8.676307007786429
8.680753854940034
8.683473389355742
8.690680388793597
8.693244739756366
8.693275013668671
8.695652173913043
8.700380641653073
8.700501952035694
8.705357142857142
8.717105263157894
8.726287262872628
8.732876712328768
8.752860411899313
8.757870635374928
8.763172490293956
8.767123287671232
8.77094972067039
8.779931584948688
8.784530386740332
8.788052843193567
8.799565453557848
8.821887213847013
8.831908831908832
8.849557522123893
8.853575482406356
8.859357696566999
8.862206975414523
8.864426419466975
8.865860679332183
8.870967741935484
8.872767857142858
8.872767857142858
8.893956670467503
8.893956670467503
8.896210873146623
8.904109589041095
8.908685968819599
8.925619834710744
8.926615553121577
8.934517203107658
8.938869665513264
8.986175115207374
8.995584988962472
9.002293577981652
9.004474272930649
9.005002779321845
9.008498583569406
9.014084507042254
9.028571428571428
9.041394335511981
9.043778801843319
9.048991354466859
9.049255441008018
9.059633027522935
9.05982905982906
9.064665127020785
9.064665127020785
9.070918086860914
9.095951192457017
9.095982142857142
9.096109839816933
9.111617312072893
9.121813031161473
9.122203098106713
9.127671865973426
9.146341463414634
9.14702581369248
9.153713298791018
9.158986175115208
9.16030534351145
9.166206515737162
9.18013856812933
9.185918591859187
9.19931856899489
9.2
9.2
9.205260148656375
9.206174200661522
9.210526315789473
9.210526315789473
9.214830970556163
9.217101610216547
9.237875288683602
9.238521836506159
9.248554913294797
9.251101321585903
9.262435677530018
9.267734553775744
9.287749287749287
9.314285714285713
9.315698677400805
9.321058688147296
9.324399776661082
9.324942791762014
9.337175792507205
9.342177998894417
9.344729344729345
9.352517985611511
9.35960591133005
9.360730593607306
9.368191721132897
9.400230680507498
9.431880860452289
9.44700460829493
9.453551912568306
9.453551912568306
9.47187141216992
9.475465313028765
9.478935698447893
9.494725152692949
9.507445589919817
9.507640067911714
9.512893982808022
9.513023782559456
9.534883720930234
9.537407195888065
9.551208285385501
9.557618787547788
9.558412520961431
9.562841530054644
9.57387935805202
9.581181870338497
9.583571021106675
9.585201793721973
9.58904109589041
9.592061742006615
9.607951408061846
9.613259668508286
9.618668184405237
9.62082625919638
9.627507163323783
9.63855421686747
9.646118721461187
9.654017857142858
9.657836644591612
9.658762290341237
9.658762290341237
9.668192219679634
9.671848013816927
9.675615212527964
9.694171956145412
9.700665188470065
9.711431742508324
9.718387631143015
9.735023041474653
9.740634005763688
9.742120343839542
9.747706422018348
9.747706422018348
9.747706422018348
9.76150859678314
9.788208357183743
9.81897970378497
9.83240223463687
9.83425414364641
9.845132743362832
9.866220735785953
9.868421052631579
9.874429223744292
9.878682842287695
9.885057471264368
9.890741805635422
9.900442477876107
9.903791737408037
9.910414333706608
9.914529914529915
9.91926182237601
9.922822491730981
9.942857142857143
9.955506117908786
9.98268897864974
9.982886480319452
9.98896247240618
10.0
10.0169779286927
10.028818443804035
10.06637168141593
10.069444444444445
10.083102493074794
10.092272202998846
10.102739726027398
10.105496946141033
10.109763142692085
10.114285714285714
10.12035010940919
10.138248847926267
10.149750415973378
10.149942329873126
10.166666666666666
10.195852534562212
10.21566401816118
10.21566401816118
10.23308698123934
10.26811180832858
10.283490828237909
10.305123776626367
10.314396028681742
10.315186246418339
10.339077265147303
10.346787947697555
10.348770726129217
10.354691075514873
10.356347438752785
10.385925085130534
10.4
10.40398450470393
10.405946255002858
10.409556313993173
10.427350427350428
10.434292160180485
10.437710437710438
10.448608745031231
10.451977401129943
10.456062291434929
10.465116279069768
10.469722693831352
10.489913544668587
10.491071428571429
10.493477027793533
10.493827160493826
10.51752921535893
10.520297312750143
10.556186152099887
10.558659217877095
10.562180579216355
10.577472841623784
10.589582140812821
10.591549295774648
10.596765197992191
10.614525139664805
10.617009449694274
10.632183908045976
10.64066852367688
10.656682027649769
10.663641520136132
10.66591422121896
10.712313638873551
10.716332378223496
10.728182323513062
10.730088495575222
10.74095347501436
10.74523396880416
10.75150850246846
10.75208913649025
10.755148741418765
10.759493670886076
10.765687967760506
10.779436152570481
10.790536641661857
10.813823857302118
10.8153078202995
10.819854991634132
10.82175925925926
10.892172961138478
10.935738444193912
10.962715637173066
10.966647823629168
11.002865329512893
11.016467915956843
11.024930747922438
11.028571428571428
11.053540587219343
11.055555555555555
11.072664359861593
11.073059360730593
11.091854419410744
11.136493432324386
11.149228130360205
11.155606407322654
11.160964666292765
11.181192660550458
11.186059584035975
11.19194180190263
11.217587373167982
11.225071225071224
11.239193083573488
11.27151582454192
11.27151582454192
11.277777777777779
11.289398280802292
11.314285714285715
11.342592592592593
11.347926267281105
11.358447488584474
11.361079865016873
11.38888888888889
11.415525114155251
11.420454545454547
11.554015020219527
11.563876651982378
11.566951566951566
11.591695501730104
11.613272311212814
11.634506242905788
11.737891737891738
11.747685185185185
11.74785100286533
11.754587155963304
11.778290993071593
11.78838412880966
11.791907514450866
11.808755760368664
11.83533447684391
11.845888441633122
11.848883800801374
11.8673647469459
11.9102416570771
11.91167925624637
11.940298507462686
12.025316455696203
12.068965517241379
12.084765177548682
12.100456621004566
12.12984054669704
12.162937464142283
12.17440543601359
12.203389830508476
12.232243517474634
12.273755656108596
12.392426850258175
12.400906002265005
12.41339491916859
12.450028555111365
12.471526195899772
12.507042253521128
12.527472527472527
12.528868360277137
12.54256526674234
12.602100350058343
12.702078521939955
12.703016241299302
12.70941652224148
12.8
12.824956672443674
12.838226827864133
12.85551763367463
12.883087400681045
12.903225806451612
12.933025404157044
12.943871706758307
12.947189097103918
12.969283276450511
12.993703491700057
13.020833333333334
13.080895008605854
13.09049516220831
13.097949886104784
13.09867282169648
13.162393162393164
13.188073394495412
13.2378223495702
13.28125
13.283922462941847
13.298791018998275
13.306908267270668
13.363533408833522
13.405590416428979
13.428571428571429
13.558352402745996
13.612866168868468
13.680595306239269
13.711990820424555
13.72321945570353
13.767281105990783
13.933486238532112
13.973548016101208
13.993174061433447
14.04816513761468
14.122355631789594
14.13733410271206
14.13793103448276
14.15929203539823
14.195037507212927
14.302059496567507
14.302191464821224
14.399999999999999
14.417531718569782
14.499424626006904
14.517061885482937
14.66208476517755
14.755043227665707
15.086705202312139
15.11627906976744
15.309069901790872
15.57614360162131
15.789473684210526
22.444444444444443
