Number of Runs,2484

Direct 95% Percentile CI Width,66.57299991980969
Direct 95% Percentile CI Lower Bound,-21.5311004784689
Direct 95% Percentile CI Upper Bound,45.04189944134078

Bootstrap 95% Percentile CI Width,1.2387914320456614
Bootstrap 95% Percentile CI Lower Bound,6.24360286591607
Bootstrap 95% Percentile CI Upper Bound,7.482394297961731

Percentage Difference (%)
-68.82151029748283
-67.64705882352942
-67.17506631299734
-66.96258719086873
-64.76072094468614
-62.78174821330401
-61.70747018204645
-56.52866242038217
-45.04347826086956
-43.49355216881594
-38.63162286191072
-33.074463225216995
-32.78833406981882
-32.73809523809524
-31.364275668073137
-31.041844577284373
-30.220306513409962
-29.638327853452324
-29.501726689689196
-29.501726689689196
-29.082515868436236
-28.72952633908809
-28.578455484505653
-28.45691382765531
-27.895752895752896
-27.76424744276668
-27.73382968822708
-27.259684361549496
-27.203260315843096
-27.041306436119118
-26.756874727193363
-26.623376623376622
-26.591107236268524
-25.961082107261507
-25.730110775427995
-25.503663003663
-25.454545454545453
-24.859002169197396
-24.484906564446575
-24.37137330754352
-24.095819633630814
-23.78686964795433
-23.774866569626397
-23.655913978494624
-23.61733931240658
-23.589494163424124
-23.37203432609793
-23.36349121873337
-22.975929978118163
-22.91866028708134
-22.851153039832283
-22.672253258845437
-22.49336870026525
-22.439526505404015
-22.29087452471483
-22.265060240963855
-22.216573462125062
-22.198731501057082
-22.09670131043832
-22.094140249759846
-22.020105313547152
-21.9927723283428
-21.5311004784689
-21.525338685398896
-21.519659936238046
-21.468074409250878
-21.444321940463066
-21.372377622377623
-21.27045235803657
-21.052631578947366
-21.013039117352054
-20.904761904761905
-20.85701792741583
-20.852593733949668
-20.70545121392579
-20.6598161168199
-20.653866113129215
-20.482520925652388
-20.475418692598595
-20.41742286751361
-20.171890798786656
-20.130576713819366
-20.125130344108445
-20.109439124487004
-20.074349442379184
-19.956260251503554
-19.89769820971867
-19.753086419753085
-19.730941704035875
-19.680851063829788
-19.654320987654323
-19.631901840490798
-19.489247311827956
-19.47089947089947
-19.464469618949536
-19.42826892535733
-19.407720782654682
-19.305019305019304
-19.274896741624598
-19.14083741163676
-19.085886489201407
-19.05257678292556
-18.983234180638185
-18.887775551102205
-18.850267379679146
-18.805803571428573
-18.59504132231405
-18.530020703933747
-18.434203220433094
-18.41726618705036
-18.36099585062241
-18.34232466895537
-18.324022346368714
-18.319783197831978
-18.257956448911223
-18.218623481781375
-18.20255474452555
-18.156424581005588
-17.969963749352665
-17.937219730941703
-17.92452830188679
-17.897727272727273
-17.815533980582522
-17.584745762711865
-17.551020408163264
-17.4364896073903
-17.354910714285715
-17.349803481190342
-17.167167167167165
-17.135416666666668
-17.106773823191734
-17.105263157894736
-17.013712544438803
-16.989022477783585
-16.921397379912666
-16.77762982689747
-16.76040494938133
-16.74641148325359
-16.683022571148186
-16.492796820665674
-16.406643180674383
-16.3906339234723
-16.322611617858858
-16.280087527352297
-16.20767494356659
-16.175621028307337
-15.97567716970702
-15.907099035933392
-15.854779411764705
-15.81067472306143
-15.789473684210526
-15.648662291771833
-15.608180839612487
-15.520534861509075
-15.505500261917234
-15.450186467767715
-15.417457305502847
-15.303867403314916
-14.963119072708114
-14.91681009753299
-14.84375
-14.814814814814813
-14.64059196617336
-14.497773379515092
-14.441416893732969
-14.245653393157601
-14.20654911838791
-14.178705189941146
-14.065934065934066
-14.028956565152273
-14.013395157135497
-14.008240141259565
-14.005167958656331
-13.980263157894738
-13.952164009111618
-13.897102306327616
-13.891834570519618
-13.87220098306936
-13.732193732193732
-13.71400683260127
-13.6655155402072
-13.664951400800456
-13.623978201634879
-13.534675615212526
-13.495687468290207
-13.495575221238937
-13.486513486513488
-13.419527418635754
-13.383247543284979
-13.36606655755592
-13.35559265442404
-13.283740701381507
-13.18864774624374
-13.187463039621525
-13.176218532404926
-13.15345699831366
-13.12533620225928
-13.100686498855834
-13.035294117647059
-12.922906267332223
-12.890839275918815
-12.875536480686694
-12.790697674418606
-12.692882030861124
-12.589073634204276
-12.56484149855908
-12.444663059517953
-12.259835315645013
-12.242945958871355
-12.240184757505773
-12.200435729847495
-12.085441259134345
-12.076053442959918
-12.066365007541478
-12.004662004662006
-12.002308136180034
-11.979752530933634
-11.968680089485458
-11.916010498687664
-11.88066062866276
-11.8800461361015
-11.812391430225826
-11.804767309875142
-11.783783783783784
-11.776547559134373
-11.7733268197362
-11.737089201877934
-11.712649661634565
-11.712214166201896
-11.70646476412347
-11.67728237791932
-11.652078774617069
-11.604938271604938
-11.551925320886815
-11.501597444089457
-11.463285789751716
-11.455981941309256
-11.345888837850254
-11.34139320667818
-11.224489795918368
-11.077297626293365
-11.075612353567625
-11.016433353621425
-10.921052631578949
-10.895170789163721
-10.884718498659518
-10.87281795511222
-10.841780520052886
-10.840496657115569
-10.816125860373647
-10.793082886106141
-10.756501182033098
-10.748663101604278
-10.733365711510443
-10.728402032749859
-10.727496917385944
-10.723718964606444
-10.723447922011289
-10.685954269715351
-10.652537646402676
-10.64410480349345
-10.62200956937799
-10.616229408175718
-10.57312252964427
-10.541813898704358
-10.53593179049939
-10.509554140127388
-10.509383378016086
-10.504694835680752
-10.488570147915732
-10.431654676258994
-10.402010050251256
-10.364289379168804
-10.245901639344263
-10.216110019646365
-10.144927536231885
-10.119047619047619
-10.102095647501343
-10.064743967039435
-10.061145080600333
-10.049321824907521
-10.02460024600246
-9.8868374032162
-9.853603603603604
-9.837837837837837
-9.781696053736356
-9.775280898876403
-9.742747673782157
-9.741060419235511
-9.671084928816889
-9.610983981693364
-9.610849056603774
-9.574468085106384
-9.565764631843928
-9.521028037383179
-9.494773519163763
-9.376854599406528
-9.36046511627907
-9.359296482412061
-9.31899641577061
-9.281267685342389
-9.263657957244655
-9.233997901364113
-9.207161125319693
-9.17487684729064
-9.106628242074928
-9.1
-9.090909090909092
-9.07960199004975
-9.04283447911158
-9.04109589041096
-8.94800483675937
-8.942598187311178
-8.935128518971847
-8.91990291262136
-8.91755468311834
-8.902821316614421
-8.892921960072595
-8.833577354807224
-8.798391151332329
-8.782936010037641
-8.773903262092238
-8.74413145539906
-8.715832903558535
-8.699472759226714
-8.685446009389672
-8.668582375478927
-8.61344537815126
-8.610016882386045
-8.607021517553793
-8.60517435320585
-8.596300326441785
-8.588621444201312
-8.58250276854928
-8.535242290748899
-8.514576584914392
-8.506841165972636
-8.473625140291807
-8.470089994706195
-8.465011286681715
-8.429561200923787
-8.386683738796414
-8.337493759360958
-8.323207776427703
-8.318687756297598
-8.29666876178504
-8.273009307135471
-8.211143695014663
-8.182317408017573
-8.16708229426434
-8.10958904109589
-8.100233100233101
-8.039109179793591
-8.011444921316166
-7.969639468690702
-7.9201934703748496
-7.908927501497903
-7.848101265822785
-7.836990595611286
-7.834602829162132
-7.81414994720169
-7.771706132361871
-7.735849056603773
-7.706422018348624
-7.7020202020202015
-7.662274280136653
-7.658643326039387
-7.655246252676659
-7.578347578347579
-7.573149741824441
-7.529948659440959
-7.512626262626262
-7.490431930016403
-7.48829953198128
-7.444794952681388
-7.372654155495978
-7.304785894206549
-7.289927657206455
-7.283090563647879
-7.281823235130629
-7.280080889787664
-7.260201377848436
-7.220447284345048
-7.2083078802687846
-7.1711177052423345
-7.138777841233581
-7.121661721068249
-7.0735881346263545
-7.069672131147541
-7.033184744923229
-7.024557395773844
-6.989576946658492
-6.9575471698113205
-6.937307297019528
-6.921241050119331
-6.90505548705302
-6.884219937416182
-6.875000000000001
-6.8557919621749415
-6.854838709677419
-6.826801517067003
-6.806579693703914
-6.806579693703914
-6.7987152034261245
-6.764866339334424
-6.695992179863147
-6.670372429127293
-6.663376110562686
-6.611111111111111
-6.60377358490566
-6.582556226001097
-6.579727326615294
-6.573181419807186
-6.54265554842848
-6.535532994923858
-6.456611570247933
-6.358381502890173
-6.290801186943621
-6.253948199620973
-6.235154394299287
-6.219512195121951
-6.212534059945504
-6.184012066365008
-6.169491525423728
-6.157793457344452
-6.14081524616199
-6.095143706640238
-6.048834628190899
-6.035578144853875
-5.989010989010989
-5.984555984555985
-5.946291560102302
-5.944272445820433
-5.912596401028278
-5.893536121673003
-5.878510777269758
-5.806451612903226
-5.769230769230769
-5.74245939675174
-5.7011795543905635
-5.695564516129032
-5.693069306930694
-5.6393076493579
-5.636363636363637
-5.628415300546448
-5.607476635514018
-5.594405594405594
-5.573350416399744
-5.552589428723972
-5.54283096655978
-5.51219512195122
-5.511811023622047
-5.486610058785107
-5.440097799511003
-5.422853453841188
-5.409504550050556
-5.396825396825397
-5.379896177442189
-5.293775450843514
-5.256797583081571
-5.235940530058177
-5.204944697462589
-5.157962604771115
-5.150976909413854
-5.134722928317234
-5.065359477124183
-5.038560411311054
-5.022537025112685
-4.970948999354422
-4.959702417854929
-4.941551540913921
-4.93601462522852
-4.92468134414832
-4.923076923076923
-4.907161803713528
-4.901960784313726
-4.892367906066536
-4.891015417331207
-4.845548152634767
-4.834176503653738
-4.7963206307490145
-4.73104342190538
-4.714016341923319
-4.702495201535509
-4.6875
-4.66903073286052
-4.642409033877039
-4.642409033877039
-4.639498432601881
-4.595791805094131
-4.594084329767149
-4.5893719806763285
-4.588112617309697
-4.554455445544554
-4.53887011105746
-4.525455688246386
-4.521739130434783
-4.515778019586507
-4.4921875
-4.490828589500316
-4.4895448954489545
-4.474708171206226
-4.4324324324324325
-4.421326397919375
-4.411764705882353
-4.391534391534392
-4.356306892067621
-4.350314825414997
-4.310344827586207
-4.308093994778068
-4.275534441805226
-4.271961492178098
-4.241219350563287
-4.220183486238533
-4.197201865423051
-4.190585533869116
-4.184322033898305
-4.179860671310956
-4.1469194312796205
-4.137931034482759
-4.135554279149914
-4.129606099110546
-4.09121395036888
-4.032258064516129
-4.0237467018469655
-3.99737876802097
-3.9946737683089215
-3.975741239892183
-3.937381404174573
-3.914373088685015
-3.91304347826087
-3.889789303079417
-3.8697498820198204
-3.8632045598480054
-3.851174934725848
-3.848238482384824
-3.8107752956636007
-3.793328973185088
-3.755605381165919
-3.751617076326003
-3.7389100126742716
-3.7366548042704624
-3.7322274881516586
-3.709591944886063
-3.70548604427334
-3.6672140120415984
-3.6535859269282813
-3.6213468869123253
-3.6129822412737296
-3.599755948749237
-3.5964035964035967
-3.595368677635588
-3.5667963683527883
-3.5608308605341246
-3.540983606557377
-3.5187287173666286
-3.500660501981506
-3.4925526450950177
-3.4726309593878755
-3.452768729641694
-3.439153439153439
-3.378817413905133
-3.3662217063261752
-3.3597760149323377
-3.3588685916322922
-3.3220338983050843
-3.319502074688797
-3.3057851239669422
-3.3005211349160395
-3.2926829268292686
-3.2891246684350133
-3.2873109796186717
-3.268384663733501
-3.263707571801567
-3.231707317073171
-3.2059186189889024
-3.165735567970205
-3.163900414937759
-3.1404958677685952
-3.133903133903134
-3.128689492325856
-3.058707449432659
-3.0584380120152925
-3.050397877984085
-3.0437539632213064
-3.0391583869082406
-3.0116779348494163
-2.9974160206718348
-2.959697732997481
-2.945508100147275
-2.918781725888325
-2.9009304871373836
-2.8651685393258424
-2.837837837837838
-2.8344671201814062
-2.8101802757158003
-2.7901077996195305
-2.775941837409121
-2.7219701879455602
-2.6859504132231407
-2.6604973973395025
-2.6578073089700998
-2.6515151515151514
-2.645228215767635
-2.5856496444731736
-2.5165562913907285
-2.5029797377830754
-2.471264367816092
-2.4531024531024532
-2.4518388791593697
-2.408854166666667
-2.3994811932555127
-2.384105960264901
-2.3536895674300253
-2.34375
-2.338129496402878
-2.3241954707985695
-2.2712090848363395
-2.2699386503067487
-2.2452504317789295
-2.2451456310679614
-2.219403931515536
-2.2058823529411766
-2.2006472491909386
-2.1875
-2.175390890550646
-2.1373056994818653
-2.1263289555972484
-2.082018927444795
-2.046959662853703
-1.9977802441731412
-1.9947506561679789
-1.944792973651192
-1.9385026737967916
-1.8893387314439947
-1.8691588785046727
-1.8145161290322582
-1.8134715025906734
-1.8106570098292811
-1.804123711340206
-1.788617886178862
-1.7846153846153845
-1.761252446183953
-1.7543859649122806
-1.7484489565707841
-1.7423771001866835
-1.7341040462427744
-1.725097384529772
-1.723237597911227
-1.7062766605728215
-1.7057569296375266
-1.6906700062617408
-1.6885553470919326
-1.6839378238341969
-1.6550987720234915
-1.6350555918901242
-1.6239850093691444
-1.5779092702169626
-1.5776699029126213
-1.549053356282272
-1.546134663341646
-1.4834794335805799
-1.478494623655914
-1.4745308310991956
-1.4420062695924765
-1.4411027568922306
-1.4228799089356858
-1.389854065323141
-1.3636363636363635
-1.3636363636363635
-1.3609145345672293
-1.352145796590241
-1.3506994693680656
-1.3490725126475547
-1.320321469575201
-1.31956397016638
-1.2770682953914492
-1.2518778167250877
-1.2418687167356592
-1.2195121951219512
-1.21580547112462
-1.1548556430446193
-1.1428571428571428
-1.1417058428475486
-1.1210762331838564
-1.0759919300605245
-1.060695344725987
-1.056338028169014
-1.0437051532941943
-1.0376134889753565
-0.9950248756218906
-0.9732360097323601
-0.9664948453608248
-0.9478672985781991
-0.9427609427609427
-0.9162303664921465
-0.9061488673139159
-0.8408796895213453
-0.8146639511201629
-0.7817589576547231
-0.7588075880758808
-0.7513661202185792
-0.7397444519166106
-0.7250129466597618
-0.697350069735007
-0.6784260515603799
-0.675219446320054
-0.6729475100942126
-0.6413682522715126
-0.6214689265536724
-0.6076975016880486
-0.6004366812227074
-0.5858230814294083
-0.5750431282346177
-0.5728835136855506
-0.5578800557880056
-0.5329780146568954
-0.5008347245409015
-0.4720161834120027
-0.4605263157894736
-0.45931758530183725
-0.44331855604813175
-0.4380475594493116
-0.41916167664670656
-0.40733197556008144
-0.39436619718309857
-0.39421813403416556
-0.34083162917518744
-0.3342884431709647
-0.33333333333333337
-0.3274394237066143
-0.31605562579013907
-0.29985007496251875
-0.2901915264074289
-0.27932960893854747
-0.2700877785280216
-0.2677376171352075
-0.24390243902439024
-0.23460410557184752
-0.22396416573348266
-0.2074688796680498
-0.19083969465648853
-0.1736111111111111
-0.16438356164383564
-0.15881418740074113
-0.1514386673397274
-0.13651877133105803
-0.10643959552953698
-0.06738544474393532
-0.06531678641410843
-0.06285355122564425
-0.05055611729019212
0.0
0.0
0.0
0.0
0.0
0.050761421319796954
0.059844404548174746
0.0630119722747322
0.06501950585175553
0.06583278472679394
0.06626905235255136
0.06925207756232687
0.07032348804500703
0.10655301012253596
0.10922992900054614
0.10976948408342481
0.11527377521613834
0.12300123001230012
0.12714558169103624
0.13020833333333331
0.13513513513513514
0.13559322033898305
0.14074595355383532
0.1519756838905775
0.1852995676343422
0.2042205582028591
0.22408963585434172
0.2310803004043905
0.24342745861733206
0.26229508196721313
0.2767017155506364
0.28735632183908044
0.30921459492888065
0.31525851197982346
0.31826861871419476
0.3194888178913738
0.32679738562091504
0.34317089910775567
0.3441156228492774
0.36253776435045315
0.3712871287128713
0.4195804195804196
0.4323656578134651
0.4418262150220913
0.463768115942029
0.47489823609226595
0.48439181916038754
0.522875816993464
0.5284015852047557
0.5287508261731658
0.5490734385724091
0.6361323155216284
0.641399416909621
0.6425233644859812
0.6600660066006601
0.6622516556291391
0.6724949562878278
0.6872852233676976
0.6944444444444444
0.7177033492822966
0.7377598926894702
0.7437457741717377
0.8135593220338984
0.8152173913043478
0.8403361344537815
0.8403361344537815
0.8597883597883598
0.8832807570977917
0.8873720136518772
0.8991008991008992
0.9084556254367574
0.9116409537166901
0.9230769230769231
0.9506833036244802
0.9639776763064434
1.022604951560818
1.026167265264238
1.0359116022099446
1.035953686776356
1.0915706488781078
1.0951403148528405
1.1128775834658187
1.1363636363636365
1.1428571428571428
1.157556270096463
1.1604095563139931
1.2244897959183674
1.2602739726027399
1.2696800406297613
1.2711864406779663
1.3040494166094716
1.32291040288635
1.3433637829124128
1.3831258644536653
1.3917884481558804
1.4339152119700749
1.4685314685314685
1.5161957270847692
1.5166340508806262
1.5427769985974753
1.560758082497213
1.5873015873015872
1.5888778550148956
1.602136181575434
1.6352201257861636
1.6655100624566272
1.6736401673640167
1.6783216783216783
1.6801075268817203
1.684782608695652
1.6931759876859929
1.694915254237288
1.7084890549919913
1.7099056603773584
1.7125382262996942
1.7414601473543203
1.7562533262373603
1.7605633802816902
1.7813267813267815
1.7918676774638183
1.80296200901481
1.8118466898954706
1.8193632228719947
1.8207282913165268
1.8736988202637055
1.874595992243051
1.8815331010452963
1.9131334022750777
1.925925925925926
1.9405700424499697
1.954177897574124
1.959412176347096
1.9594594594594597
1.9716885743174923
1.9740552735476595
1.9801980198019802
2.0163831127914302
2.0237264480111654
2.074468085106383
2.074966532797858
2.076777847702958
2.081887578070784
2.091577162238553
2.099737532808399
2.1632937892533146
2.1653543307086616
2.1964612568639414
2.2017045454545454
2.21147201105736
2.2130725681935153
2.21606648199446
2.2222222222222223
2.2268615170494086
2.230659705742762
2.2316684378320937
2.2327469553450605
2.2547227300426567
2.2606382978723407
2.2996515679442506
2.3004059539918806
2.3019634394041977
2.304469273743017
2.3401826484018264
2.357456140350877
2.3792862141357594
2.3979261179520415
2.4004364429896343
2.43612596553773
2.4544179523141656
2.455739577384352
2.4714828897338403
2.473958333333333
2.496626180836707
2.498356344510191
2.5174825174825175
2.5301204819277108
2.5674786043449638
2.576112412177986
2.5766016713091924
2.5798525798525795
2.5798525798525795
2.6168224299065423
2.62597586941093
2.6266416510318953
2.661064425770308
2.6785714285714284
2.7083333333333335
2.7177700348432055
2.735368956743003
2.73972602739726
2.741514360313316
2.749832327297116
2.7532467532467533
2.7721433400946585
2.779532533164877
2.7815468113975577
2.7834351663272234
2.7867790019442644
2.7872195785180147
2.804333970681963
2.804878048780488
2.8240405503258508
2.827087442472058
2.8334485141672427
2.834008097165992
2.8591851322373123
2.862049227246709
2.8680688336520075
2.8792134831460676
2.897526501766784
2.897574123989218
2.901484480431849
2.906574394463668
2.914389799635701
2.914642609299098
2.9152542372881354
2.9511918274687856
2.98580518844836
2.997275204359673
2.9986052998605297
3.0364372469635628
3.065603923973023
3.069888961463096
3.0833917309039944
3.0912659470068693
3.0942334739803097
3.117619272555503
3.1335149863760217
3.135498320268757
3.194263363754889
3.2
3.2060027285129604
3.254847645429363
3.2632342277012323
3.3333333333333335
3.3424657534246576
3.3523086654016447
3.3557046979865772
3.3560566334556894
3.375796178343949
3.3876221498371337
3.3921302578018993
3.3953997809419496
3.4434293745607873
3.4604519774011298
3.4653465346534658
3.4889962426194314
3.4891835310537336
3.4904013961605584
3.493737640079104
3.5181872391174713
3.531390134529148
3.5329341317365266
3.5478051713770298
3.5532994923857872
3.5665294924554183
3.5795454545454546
3.6079960994636764
3.637350705754615
3.6568213783403656
3.724780134505949
3.727144866385373
3.7376586741889986
3.747397640527411
3.7883736120182885
3.8054968287526427
3.827751196172249
3.8329911019849416
3.8881309686221006
3.8979447200566972
3.920515574650913
3.9265357821405953
3.9318479685452163
3.95
3.9598732840549102
3.9910061832490165
3.994426381792847
4.035087719298246
4.070473876063184
4.075895994378074
4.084014002333722
4.103103629668595
4.113924050632911
4.134548002803083
4.13907284768212
4.163912756113682
4.174340085942296
4.1937816341287055
4.226983207874928
4.261363636363636
4.262753319357094
4.304245283018868
4.327208061647895
4.329524954900782
4.332386363636364
4.337202199144777
4.34183321847002
4.354508196721311
4.357142857142858
4.370327774583094
4.479495268138802
4.489264801561483
4.490057729313662
4.506329113924051
4.511677282377919
4.512372634643377
4.5251396648044695
4.527220630372493
4.5376220562894884
4.5484949832775925
4.558087826570317
4.5612009237875295
4.572564612326044
4.6044864226682405
4.618614415675298
4.630969609261939
4.632152588555858
4.632693580410324
4.632824051256777
4.671857619577309
4.674046740467404
4.704205274411975
4.718945176960444
4.71976401179941
4.724919093851133
4.732510288065844
4.732824427480916
4.748405386250886
4.7518479408658925
4.777486910994765
4.800540906017579
4.801010739102969
4.801097393689986
4.809763101220388
4.8102981029810294
4.815073272854152
4.857737682165164
4.879356568364612
4.882943143812709
4.913678618857902
4.929101958136394
4.930847865303669
4.943820224719101
4.944289693593315
4.952166572875633
4.954640614096301
4.958677685950414
4.991587212563096
4.996431120628123
5.003474635163308
5.023442732752847
5.02680965147453
5.035506778566817
5.059370160041301
5.109489051094891
5.124747134187458
5.138888888888888
5.142857142857142
5.154061624649859
5.237430167597766
5.23989898989899
5.249679897567221
5.287206266318538
5.299380591878871
5.301524188204108
5.331599479843954
5.334233625928427
5.351170568561873
5.366492146596859
5.373342637822749
5.37862703467799
5.380237972064148
5.435494433529797
5.439330543933055
5.439330543933055
5.448028673835125
5.449591280653951
5.453467694131595
5.46448087431694
5.473684210526316
5.4923305294408715
5.493951612903226
5.51948051948052
5.520304568527918
5.540166204986149
5.548037889039242
5.548996458087367
5.571030640668524
5.581157194060419
5.591397849462366
5.602240896358544
5.603448275862069
5.606967882416984
5.608667941363926
5.610098176718092
5.618649133293484
5.619596541786744
5.62429696287964
5.64516129032258
5.656272661348803
5.6929269695227145
5.714285714285714
5.7179987004548405
5.733662145499383
5.738233397807866
5.738880918220947
5.784526391901663
5.788712011577424
5.79538734476641
5.7997557997558
5.833333333333333
5.869565217391305
5.875706214689266
5.875706214689266
5.88235294117647
5.88235294117647
5.886332882273342
5.917955615332885
5.926860025220681
5.929919137466308
5.939226519337017
5.9459459459459465
5.946337926033358
5.949367088607595
5.979827089337176
5.993031358885018
5.993031358885018
5.995864920744314
5.997109826589595
6.001348617666891
6.0370009737098345
6.056236481614996
6.06826801517067
6.0880829015544045
6.103896103896104
6.111111111111111
6.139154160982264
6.139154160982264
6.2004325883201155
6.214689265536723
6.236860546601261
6.24360286591607
6.281833616298811
6.29067245119306
6.292286874154263
6.330935251798561
6.347607052896725
6.367292225201073
6.3721940622737145
6.374085684430512
6.375442739079102
6.379928315412187
6.384364820846905
6.384455239417071
6.411149825783973
6.444605358435916
6.445047489823609
6.445047489823609
6.458635703918723
6.462140992167102
6.492027334851937
6.496815286624204
6.5232477446217905
6.531204644412192
6.535947712418301
6.545454545454546
6.5464261857047426
6.548933038999265
6.550951847704367
6.551475881929446
6.559031281533804
6.559766763848396
6.578026592022393
6.579662860250137
6.601307189542484
6.6350710900473935
6.636005256241787
6.643757159221077
6.647807637906649
6.670862177470108
6.684672518568535
6.689536878216123
6.704486848891181
6.711037160288408
6.714801444043321
6.722106722106721
6.729559748427673
6.744082179544439
6.751054852320674
6.755753526354863
6.7752442996742674
6.779661016949152
6.806615776081425
6.8139963167587485
6.829896907216495
6.835592221567471
6.853146853146853
6.861413043478261
6.870229007633588
6.898907103825136
6.934058463630184
6.941715782580222
6.951286261631089
6.952247191011236
6.96629213483146
6.975269499048826
6.995884773662551
7.0033670033670035
7.01058201058201
7.023411371237458
7.023895727733527
7.024793388429752
7.029876977152901
7.050197405527355
7.076923076923077
7.095830285296269
7.127659574468086
7.14711137581894
7.148067104303428
7.178631051752922
7.212885154061624
7.224958949096879
7.225433526011561
7.230657989877079
7.231270358306189
7.241379310344828
7.253886010362693
7.26294552790854
7.286922576447625
7.294617563739377
7.318295739348371
7.326007326007327
7.346938775510205
7.394609536973047
7.427413909520594
7.428214731585518
7.4371859296482405
7.456445993031359
7.4944893460690665
7.508342602892102
7.531380753138076
7.5346260387811625
7.561307901907358
7.570295602018745
7.581227436823104
7.584722969338353
7.5892857142857135
7.59493670886076
7.615230460921844
7.624633431085044
7.633053221288516
7.638402242466713
7.68348623853211
7.683741648106904
7.6965065502183405
7.707808564231739
7.740717432347388
7.760252365930599
7.76376907763769
7.7894736842105265
7.79840848806366
7.80520346897932
7.855191256830602
7.863974495217853
7.87153652392947
7.880434782608696
7.88623141564318
7.9470198675496695
7.948369565217392
7.9605263157894735
7.994579945799458
8.0
8.004708652148322
8.037653874004343
8.0625
8.066759388038943
8.072048032021348
8.092485549132949
8.106312292358805
8.109965635738831
8.113456464379947
8.123425692695214
8.132361189007291
8.157602663706992
8.167613636363637
8.176100628930817
8.178654292343387
8.221797323135755
8.22656776803776
8.229598893499308
8.22972172883363
8.233058898036733
8.2425068119891
8.297742525930445
8.304498269896193
8.314937454010302
8.323959505061868
8.327781479013991
8.34542815674891
8.34542815674891
8.346374543557642
8.355795148247978
8.364083640836409
8.383233532934131
8.393632416787264
8.397365532381999
8.405296488198042
8.464849354375897
8.470124753775444
8.51360781577111
8.516300731869594
8.527131782945736
8.533469596320899
8.545335942596216
8.549715009499684
8.55539971949509
8.573040045121264
8.597285067873303
8.616352201257861
8.618233618233619
8.61948142957253
8.62876254180602
8.62977602108037
8.652007648183556
8.653846153846153
8.662696264212236
8.670143415906127
8.67702196036422
8.67739678096571
8.680947012401354
8.703703703703704
8.731808731808732
8.742774566473988
8.769716088328074
8.818897637795276
8.823529411764707
8.852140077821012
8.85558583106267
8.872458410351202
8.878183069511355
8.879023307436182
8.882720333102013
8.893154190658988
8.908045977011495
8.911866075824717
8.956109134045077
8.995502248875562
9.009679821295608
9.012016021361816
9.025270758122744
9.026369168356998
9.038737446197992
9.043173862310384
9.07258064516129
9.077380952380953
9.085648148148149
9.11664779161948
9.121621621621621
9.131403118040089
9.135977337110482
9.146715776550032
9.169675090252708
9.198606271777003
9.198813056379821
9.22038980509745
9.278926774734488
9.287531806615776
9.303928325292901
9.346451159522136
9.35135135135135
9.372846312887665
9.375
9.391891891891891
9.398034398034397
9.409474367293964
9.410919540229886
9.44372574385511
9.44741532976827
9.483793517406964
9.491778774289985
9.498207885304659
9.504412763068567
9.507042253521126
9.523809523809524
9.53405017921147
9.571619812583668
9.581646423751687
9.599561162918267
9.601706970128022
9.623430962343097
9.627659574468085
9.645669291338582
9.6569250317662
9.657102869139258
9.67741935483871
9.68586387434555
9.703504043126685
9.712586719524282
9.734513274336283
9.7385955920041
9.739454094292805
9.771573604060913
9.792284866468842
9.79706088173548
9.802538787023977
9.829867674858223
9.830508474576272
9.836065573770492
9.873060648801129
9.889001009081735
9.89399293286219
9.899665551839465
9.900990099009901
9.901685393258427
9.908735332464145
9.921156373193167
9.934735315445975
9.948415622697127
9.952283571915475
10.0
10.005589714924538
10.007199424046076
10.007251631617114
10.011574074074074
10.020876826722338
10.027855153203342
10.028248587570623
10.103092783505154
10.115606936416185
10.121886592474828
10.122282608695652
10.126582278481013
10.137581462708182
10.144124168514413
10.15625
10.1716465352829
10.173160173160174
10.212474297464016
10.2322206095791
10.237923576063446
10.239651416122005
10.240592227020358
10.26615969581749
10.267229254571026
10.344827586206897
10.346756152125279
10.348706411698538
10.367063492063492
10.37868162692847
10.390516039051603
10.39136302294197
10.4
10.415200562983815
10.420076377523186
10.464396284829721
10.464396284829721
10.466321243523316
10.487982520029133
10.493398193189716
10.507246376811594
10.514285714285714
10.526315789473683
10.533910533910534
10.542540073982737
10.544692737430168
10.56191467221644
10.567936736161036
10.576221735959153
10.57947900053163
10.599369085173501
10.613718411552346
10.636808957312805
10.64659977703456
10.667427267541358
10.701373825018075
10.721510451786918
10.740992522093814
10.744810744810746
10.763636363636364
10.764872521246458
10.773638968481375
10.77490774907749
10.775370581527936
10.796221322537113
10.80523055746731
10.828488372093023
10.838946723821188
10.85383502170767
10.86350974930362
10.884353741496598
10.892756878158337
10.90107120352867
10.915492957746478
10.922787193973635
10.92436974789916
10.927152317880795
11.008569545154911
11.012060828526483
11.03641456582633
11.063140852671344
11.096075778078484
11.103351955307263
11.1268603827073
11.158536585365853
11.17056856187291
11.208151382823871
11.240029006526468
11.253196930946292
11.269722013523667
11.29032258064516
11.293941660433807
11.300204220558204
11.315209404849377
11.350499211770888
11.384820239680426
11.391541609822646
11.401743796109994
11.402439024390244
11.406025824964132
11.407942238267148
11.407942238267148
11.428571428571429
11.43481427530954
11.446945337620578
11.471861471861471
11.475409836065573
11.552567237163816
11.566951566951566
11.586121437422554
11.603919546157814
11.605937921727396
11.642857142857142
11.789181692094314
11.80887372013652
11.863173216885007
11.878631375080698
11.903064861012117
11.91637630662021
11.92722371967655
11.930835734870318
11.966410076976906
12.046444121915819
12.093628088426527
12.104539202200826
12.11022480058013
12.124923453766074
12.173314993122421
12.18214074512123
12.207792207792208
12.220309810671257
12.225519287833828
12.232243517474634
12.24188790560472
12.306843267108167
12.324649298597194
12.338983050847457
12.34991423670669
12.354651162790697
12.35632183908046
12.416107382550337
12.416280267903144
12.421185372005045
12.44299674267101
12.45650661099513
12.460667086217747
12.5
12.5
12.541918175720992
12.555066079295155
12.557226945716154
12.565720294426919
12.570356472795496
12.58134490238612
12.586445366528354
12.592592592592592
12.599565532223025
12.640239341810023
12.651894210150108
12.659033078880407
12.731925783749201
12.777404169468728
12.779783393501805
12.818745692625773
12.855007473841553
12.901155327342748
12.914862914862915
12.924667651403249
12.962962962962962
12.978723404255318
12.991128010139416
13.007226236798223
13.013221990257481
13.013221990257481
13.029315960912053
13.052011776251227
13.056163384390956
13.156146179401992
13.18150448585231
13.184438040345823
13.197278911564625
13.222543352601157
13.236363636363635
13.239247311827956
13.240597630087583
13.243243243243244
13.266583229036296
13.273106323835998
13.283740701381507
13.285024154589372
13.33679294239751
13.352073085031623
13.360120542440985
13.368421052631579
13.38962605548854
13.406156901688181
13.40974212034384
13.41222879684418
13.438735177865613
13.447098976109215
13.46433770014556
13.478747203579418
13.497267759562842
13.51156069364162
13.517550410754295
13.540912382331644
13.568215892053972
13.577586206896552
13.588110403397028
13.613323678493844
13.615023474178404
13.636363636363635
13.648648648648647
13.65923795830338
13.679245283018867
13.695249845774212
13.78066378066378
13.795379537953794
13.848039215686276
13.924050632911392
14.00348634514817
14.017717561229807
14.018043025676613
14.045354791514264
14.052953156822811
14.07451212300414
14.10998552821997
14.140127388535031
14.150943396226415
14.175438596491228
14.213197969543149
14.219269102990035
14.224664224664224
14.242053789731052
14.256339958875945
14.285714285714285
14.285714285714285
14.285714285714285
14.294403892944038
14.315569487983282
14.331619537275063
14.359637774902975
14.411579609817496
14.41631504922644
14.460285132382891
14.489795918367346
14.504792332268371
14.565826330532214
14.567206192821958
14.574132492113565
14.5933014354067
14.602076124567473
14.60832745236415
14.641040135669869
14.648065948002536
14.68890314304041
14.718888186986733
14.72463768115942
14.78156792339916
14.786488209050349
14.809590973201692
14.825753101004135
14.82889733840304
14.82919254658385
14.849187935034802
14.85210824417873
14.861878453038674
14.88126649076517
14.953271028037381
14.98103666245259
14.98150431565968
14.981549815498155
15.003489183531055
15.006468305304011
15.006729475100942
15.047479912344777
15.079916608756081
15.09433962264151
15.11627906976744
15.160349854227405
15.177548682703321
15.19262072707542
15.236427320490368
15.248691099476439
15.258677144728225
15.26929483620211
15.29051987767584
15.309246785058175
15.33382245047689
15.35788742182071
15.373244641537326
15.395189003436426
15.399361022364216
15.406809001731103
15.419161676646706
15.436696005416383
15.446559297218155
15.480557593543654
15.481434864694776
15.495867768595042
15.504451038575667
15.507649513212796
15.570469798657719
15.574348132487668
15.581524763494714
15.680880330123797
15.682539682539682
15.694444444444445
15.715245130960376
15.720221606648199
15.72361262241567
15.730994152046785
15.747549019607842
15.760869565217392
15.769474350854972
15.774487471526196
15.79330422125182
15.812229771463867
15.82010582010582
15.856236786469344
15.859766277128548
15.930304915992533
15.945205479452055
15.964912280701753
15.967523680649526
15.969316596931659
15.991620111731844
16.005379959650305
16.0578911095796
16.059379217273953
16.14441416893733
16.149963950973323
16.162862430598395
16.174010039040716
16.192283364958886
16.20305980528512
16.228070175438596
16.231699554423933
16.24251497005988
16.27069834413247
16.299862448418157
16.428978893325727
16.457461645746164
16.48668106551476
16.60470879801735
16.605616605616603
16.623207301173405
16.63157894736842
16.655336505778383
16.666666666666664
16.76168757126568
16.779348494161034
16.83116883116883
16.86886192952051
16.87158469945355
16.887019230769234
16.889514426460238
16.890243902439025
16.932153392330385
16.96583671105964
16.976127320954905
16.993087557603687
16.995544239338003
17.0059093893631
17.008603573792193
17.080511662904442
17.09641255605381
17.11071640023683
17.18475073313783
17.19706242350061
17.20098643649815
17.202889034799735
17.278617710583152
17.297650130548302
17.36745886654479
17.369901547116736
17.453798767967147
17.453917050691246
17.4669450243563
17.508196721311474
17.53069577080491
17.54189944134078
17.547568710359407
17.561683599419446
17.576142131979697
17.62984637893197
17.668356263577117
17.713004484304935
17.753120665742024
17.77150916784203
17.78036025566531
17.791411042944784
17.801311144730207
17.83901377810007
17.916666666666668
17.93002915451895
17.93948126801153
17.983651226158038
18.012752391073324
18.0625
18.107302533532042
18.143236074270558
18.144611186903138
18.14872594903796
18.15020862308762
18.163804491413472
18.168604651162788
18.187874750166554
18.227848101265824
18.238993710691823
18.26783114992722
18.344827586206897
18.36105976586568
18.36605446485117
18.39296924042687
18.411967779056386
18.467269824374668
18.48523748395379
18.493570116350273
18.526785714285715
18.554476806903992
18.618181818181817
18.632075471698112
18.68060091443501
18.694550063371356
18.697068403908794
18.705882352941178
18.70604781997187
18.716216216216218
18.72463768115942
18.745545260156806
18.774373259052926
18.802816901408452
18.816067653276956
18.82605583392985
18.851087562744002
18.853974121996302
18.86685552407932
18.914646996838776
18.925233644859812
18.983050847457626
19.023462270133166
19.024045261669023
19.068596601636248
19.140625
19.21146953405018
19.245049504950494
19.305473808122425
19.310344827586206
19.329742669060444
19.37046004842615
19.38718662952646
19.49044585987261
19.490909090909092
19.509536784741144
19.55215729109776
19.573215599705666
19.63230466185161
19.640971488912353
19.68400263331139
19.689119170984455
19.689737470167064
19.7773411918795
19.781363872982823
19.809736989367654
19.846796657381617
19.85185185185185
19.893899204244033
19.89562948467058
19.900497512437813
19.932049830124576
19.934640522875817
19.943422913719942
19.971056439942114
20.07168458781362
20.123203285420946
20.140350877192983
20.180932498260265
20.19675925925926
20.20057306590258
20.25028441410694
20.33783783783784
20.33898305084746
20.35561005518087
20.38115404976178
20.47138047138047
20.474137931034484
20.49062049062049
20.55687203791469
20.59620596205962
20.598232494901428
20.60266292922214
20.631341600901916
20.63953488372093
20.64917127071823
20.655044902271527
20.689655172413794
20.697167755991288
20.726859738784782
20.80989876265467
20.81841432225064
20.88253573648229
20.903954802259886
20.92471843509188
20.927237604636186
20.94017094017094
20.955631399317408
20.999275887038376
21.027397260273972
21.039755351681958
21.05820105820106
21.083690987124466
21.094710947109473
21.128526645768027
21.133659902029393
21.139705882352942
21.139827700463883
21.189336978810662
21.28487994808566
21.319520174482008
21.343283582089555
21.385339609952926
21.389396709323584
21.413575927221835
21.448467966573816
21.48997134670487
21.518987341772153
21.56156156156156
21.592442645074225
21.609344581440624
21.646673936750272
21.647307286166843
21.674237508111617
21.742367833209233
21.747448979591837
21.74984596426371
21.750663129973475
21.768707482993197
21.77361211247296
21.784776902887142
21.79775280898876
21.823204419889503
21.82672934855608
21.85354691075515
21.859819569743234
21.90684133915575
21.939586645468996
21.954813359528487
22.01776649746193
22.02820685023506
22.03282828282828
22.113365990202936
22.118380062305295
22.15568862275449
22.22986923606332
22.244094488188974
22.24653537563822
22.262996941896024
22.26666666666667
22.281011169900058
22.302679217958
22.326454033771107
22.358859698155396
22.409152086137283
22.455470737913487
22.542997542997544
22.564389697648377
22.603719599427755
22.61127596439169
22.611980572045333
22.617449664429532
22.676579925650557
22.708113804004213
22.719246615656267
22.735346358792185
22.787456445993033
22.83640424343942
22.845055526176626
22.84682826199072
22.869955156950674
22.886133032694474
22.93207800941493
22.937771345875543
22.94973544973545
22.97383535417996
23.0
23.010752688172044
23.015873015873016
23.03473491773309
23.06525037936267
23.065364387678436
23.085714285714285
23.12874251497006
23.156801661474557
23.200475907198097
23.20730117340287
23.228070175438596
23.252858958068614
23.39350180505415
23.408624229979466
23.45107122177186
23.504867872044507
23.557692307692307
23.568136932192232
23.62204724409449
23.68972746331237
23.70860927152318
23.757195185766612
23.784104389086597
23.80668257756563
23.812849162011172
23.832923832923832
23.925233644859816
23.934617629889082
23.974982626824186
24.046541693600517
24.113968033356496
24.30167597765363
24.306025727826675
24.32634730538922
24.336973478939157
24.395029431000655
24.413443246670894
24.422673198040588
24.447252053063803
24.45690259285214
24.461979913916785
24.571428571428573
24.59478505990134
24.60850111856823
24.66913710958179
24.701754385964914
24.720670391061454
24.7275204359673
24.773203070481507
24.778237729154345
24.81159420289855
24.876981957353745
24.932795698924732
25.0
25.015792798483893
25.0852079072938
25.1088534107402
25.15831894070236
25.214723926380366
25.254452926208653
25.28328611898017
25.32561505065123
25.38405267008047
25.40106951871658
25.406504065040654
25.409299279633267
25.46201232032854
25.506072874493928
25.5406195207481
25.564334085778782
25.6
25.67125081859856
25.731790333560244
25.762491888384165
25.76769025367156
25.82322357019064
25.923482849604223
25.928571428571427
26.055833929849676
26.10294117647059
26.1142498430634
26.16707616707617
26.207662409772347
26.223337515683813
26.233603997501557
26.2434554973822
26.244035446489434
26.29213483146067
26.31261315630658
26.322930800542743
26.3268156424581
26.329113924050635
26.358148893360163
26.375838926174495
26.431718061674008
26.48171500630517
26.514032496307237
26.519666269368297
26.546212647671997
26.639621365787697
26.671565025716387
26.86658506731946
26.91823899371069
26.972353337828725
26.972353337828725
27.056424201223656
27.092651757188495
27.191513121161364
27.249190938511326
27.430093209054597
27.478991596638657
27.546916890080432
27.55754475703325
27.604871447902575
27.64945652173913
27.654609101516918
27.712609970674485
27.73465067043049
27.79642058165548
27.802197802197803
27.814088598402325
27.865612648221344
27.905255366395266
27.941176470588236
27.943760984182774
27.96486090775988
27.967257844474762
28.000000000000004
28.016359918200408
28.05023923444976
28.142076502732237
28.14814814814815
28.15926139642239
28.169014084507044
28.241065171688856
28.26388888888889
28.296703296703296
28.311142256482132
28.324946081955428
28.47854356306892
28.516129032258064
28.54237288135593
28.588166373755126
28.621908127208478
28.644688644688642
28.68741542625169
28.7378640776699
28.742174160500856
28.765352294764057
28.802816901408452
28.8135593220339
28.92670157068063
28.98341744772891
29.034348671419313
29.19655667144907
29.251224632610217
29.303278688524593
29.314079422382672
29.377431906614788
29.541284403669728
29.572529782761038
29.662766689607707
29.74266906044285
29.797979797979796
29.878869448183043
29.94858611825193
29.98678996036988
29.9931833674165
30.017251293847035
30.2
30.265848670756647
30.364963503649633
30.429292929292927
30.455635491606714
30.50959629384514
30.566037735849054
30.600461893764436
30.603174603174605
30.639948287007112
30.654761904761905
30.666666666666664
30.85419734904271
30.89080459770115
30.913804277381722
30.9662398137369
30.99203475742216
30.99510603588907
31.022408963585434
31.046195652173914
31.075418994413408
31.077529566360052
31.133428981348636
31.146535867565913
31.233766233766236
31.238670694864044
31.31578947368421
31.316725978647685
31.45780051150895
31.538461538461537
31.715652768284347
31.716906946264743
31.73007896625987
31.74491941135249
31.763826606875934
31.888964116452268
31.893448524118075
31.895910780669144
31.9125070106562
31.921824104234524
31.963470319634702
31.977559607293127
32.00992555831266
32.08901651112706
32.159165035877365
32.16630196936542
32.17761557177616
32.302405498281786
32.31270358306189
32.71857923497268
32.839506172839506
32.896652110625915
32.91347207009858
32.925952552120776
33.00524934383202
33.06510607168983
33.220338983050844
33.22704081632653
33.259587020648965
33.276059564719354
33.28335832083958
33.28822733423545
33.418530351437695
33.42676944639103
33.44549125168237
33.57487922705314
33.58158429248477
33.66214549938348
33.70418848167539
33.773087071240106
33.78378378378378
33.98464759246336
34.09371146732429
34.12017167381974
34.156976744186046
34.18043202033037
34.28912783751493
34.30012610340479
34.437543133195305
34.56703910614525
34.57178841309824
34.6723044397463
34.725121781489214
34.76070528967254
34.776725304465494
34.9737532808399
35.05016722408027
35.10506798516687
35.338345864661655
35.38796229151559
35.545628589661774
35.739313244569026
35.74051407588739
35.82286847323199
35.86875466070097
36.21203097081596
36.21241202815099
36.35003739715781
36.44474948524365
36.46373056994819
36.56227239621268
36.58210947930574
36.61560904449307
36.64179104477612
36.753246753246756
36.77325581395349
36.822429906542055
36.899119837508465
36.92307692307693
37.01134930643127
37.0958904109589
37.13450292397661
37.38080101716466
37.39786297925833
37.436270939548436
37.53598157743235
37.57872638208538
37.585991244527825
37.64367816091954
37.65060240963856
37.65079365079365
37.750716332378225
37.759067357512954
37.86666666666667
37.97554347826087
38.19201121233357
38.28238719068413
38.28647925033467
38.354346383543465
38.36705202312139
38.41767640769779
38.486627527723414
38.5049365303244
38.55595667870036
38.77980364656381
38.9538885065382
39.03394255874674
39.15159944367176
39.154754505904286
39.271523178807946
39.288361749444036
39.493497604380565
39.59208158368327
39.67213114754099
40.027045300878974
40.05681818181818
40.15394483643362
40.17857142857143
40.19270474879559
40.2027027027027
40.2285027059531
40.2332361516035
40.53884711779448
40.77922077922078
40.78947368421053
40.869017632241814
41.247612985359645
41.26275510204081
41.381668946648425
41.5497661990648
41.56886967263743
41.71578258022266
41.90020505809979
41.96491228070175
41.97844007609385
41.985723556132385
42.108397855866585
42.1160409556314
42.14337436640116
42.39949748743719
42.4326192121631
42.464114832535884
42.488954344624446
42.639257294429704
42.64150943396226
42.64202600958248
42.88604180714767
42.91451520367183
42.934051144010766
43.54948805460751
43.55426074289876
43.556515478761696
43.559427504667084
43.67088607594937
43.724460011675426
43.784530386740336
43.78531073446328
44.039087947882734
44.05166553365058
44.06565656565656
44.18434528163863
44.33898305084746
44.43037974683544
44.51127819548872
44.75721323011964
45.04189944134078
45.06008010680908
45.376486129458385
46.17854849068722
46.26168224299065
46.53198653198653
46.638946638946635
46.78055190538765
46.85121107266436
46.87915006640107
47.396528704939925
47.455621301775146
48.109243697478995
48.74551971326165
49.251789199739754
50.108459869848154
50.418410041841
50.642325895875594
51.10410094637224
51.11265646731572
51.37491616364856
51.59500693481276
52.37762237762238
52.594670406732114
52.771929824561404
52.98196948682386
53.065693430656935
53.13868613138686
53.396099529253526
53.48664688427299
53.7474679270763
54.3002915451895
55.06458191706323
55.89849108367627
58.00273597811218
61.779359430604984
63.123359580052494
64.14545454545456
71.13997113997114
74.0117130307467
86.25592417061611
109.90873533246415
111.74418604651162
121.5213358070501
125.0
135.36269430051811
146.96969696969697
161.85897435897436
162.67605633802816
167.8217821782178
172.1498371335505
178.28947368421052
183.4932821497121
195.55555555555554
199.7058823529412
200.58708414872797
213.60123647604325
215.04950495049508
221.1864406779661
231.9715808170515
237.16814159292036
253.39622641509436
284.55445544554453
