Number of Runs,25

Direct 95% Percentile CI Width,13.097030773388934
Direct 95% Percentile CI Lower Bound,-4.29553264604811
Direct 95% Percentile CI Upper Bound,8.801498127340825

Bootstrap 95% Percentile CI Width,2.220079897908229
Bootstrap 95% Percentile CI Lower Bound,2.798507462686567
Bootstrap 95% Percentile CI Upper Bound,5.018587360594796

Percentage Difference (%)
-4.29553264604811
-0.5474452554744526
0.0
1.4705882352941175
2.527075812274368
2.73224043715847
2.7522935779816518
2.798507462686567
2.898550724637681
3.136531365313653
3.564727954971857
3.6053130929791273
4.3314500941619585
4.621072088724584
4.708097928436912
4.868913857677903
4.887218045112782
5.018587360594796
5.142857142857142
5.223880597014925
5.58659217877095
5.677655677655678
5.772811918063315
7.224334600760455
8.801498127340825
