Number of Runs,17

Direct 95% Percentile CI Width,47.427042109159245
Direct 95% Percentile CI Lower Bound,-26.019417475728158
Direct 95% Percentile CI Upper Bound,21.407624633431084

Bootstrap 95% Percentile CI Width,15.623957932538158
Bootstrap 95% Percentile CI Lower Bound,-0.5797101449275363
Bootstrap 95% Percentile CI Upper Bound,15.04424778761062

Percentage Difference (%)
-26.019417475728158
-3.421052631578948
-3.316326530612245
-1.1527377521613833
-0.5797101449275363
0.5763688760806917
1.680672268907563
3.2835820895522385
4.057971014492753
4.087193460490464
10.588235294117647
14.243323442136498
15.04424778761062
17.065868263473057
19.142857142857142
19.767441860465116
21.407624633431084
