Number of Runs,400

Direct 95% Percentile CI Width,61.64605734767025
Direct 95% Percentile CI Lower Bound,-10.75
Direct 95% Percentile CI Upper Bound,50.89605734767025

Bootstrap 95% Percentile CI Width,5.188355863378279
Bootstrap 95% Percentile CI Lower Bound,12.576687116564417
Bootstrap 95% Percentile CI Upper Bound,17.765042979942695

Percentage Difference (%)
-25.346534653465348
-25.155925155925157
-24.646464646464647
-21.336206896551722
-19.662921348314608
-13.365155131264917
-12.5
-11.442786069651742
-11.163895486935866
-11.138014527845035
-10.75
-10.173697270471465
-9.44700460829493
-9.112709832134293
-8.020050125313283
-7.216494845360824
-7.1065989847715745
-7.052896725440807
-7.049608355091384
-7.000000000000001
-6.940874035989718
-6.8354430379746836
-6.493506493506493
-6.361323155216285
-6.091370558375635
-5.958549222797927
-4.849884526558892
-4.774535809018567
-4.675324675324675
-4.533333333333333
-4.43864229765013
-4.415584415584416
-4.292929292929292
-3.4574468085106385
-3.2085561497326207
-2.8720626631853787
-2.7431421446384037
-2.393617021276596
-2.393617021276596
-2.1226415094339623
-1.834862385321101
-1.6129032258064515
-1.3812154696132597
-1.3020833333333335
-1.0869565217391304
-0.9411764705882352
-0.8547008547008548
-0.819672131147541
-0.7957559681697612
-0.7352941176470588
-0.5263157894736842
-0.2717391304347826
-0.26666666666666666
-0.2352941176470588
0.0
0.0
0.0
0.2617801047120419
0.2724795640326975
0.5050505050505051
0.516795865633075
0.5263157894736842
0.7228915662650602
0.7594936708860759
1.1019283746556474
1.2315270935960592
1.3123359580052494
1.3623978201634876
1.5584415584415585
1.7045454545454544
1.8229166666666667
2.0460358056265986
2.195121951219512
2.2598870056497176
2.336448598130841
2.34375
2.3498694516971277
2.4154589371980677
2.481389578163772
2.564102564102564
2.586206896551724
2.8901734104046244
2.977667493796526
3.16622691292876
3.314917127071823
3.431372549019608
3.45821325648415
3.519061583577713
3.532608695652174
3.6414565826330536
3.7688442211055273
3.888888888888889
4.011461318051576
4.057971014492753
4.057971014492753
4.117647058823529
4.25
4.310344827586207
4.398826979472141
4.424778761061947
4.627249357326478
4.664723032069971
4.857142857142857
4.956268221574344
5.014749262536873
5.070422535211268
5.449591280653951
5.513784461152882
5.797101449275362
5.9405940594059405
6.133333333333333
6.282722513089005
6.321839080459771
6.3768115942028984
6.426735218508997
6.510416666666667
6.528189910979229
6.547619047619048
6.54911838790932
6.705539358600583
6.764705882352941
6.7885117493472595
6.906906906906906
7.017543859649122
7.079646017699115
7.235142118863049
7.235142118863049
7.651715039577836
7.784431137724551
7.964601769911504
7.988165680473373
8.04289544235925
8.055555555555555
8.142493638676845
8.30860534124629
8.333333333333332
8.37696335078534
8.383233532934131
8.571428571428571
8.630952380952381
8.638743455497382
8.68421052631579
8.787878787878787
8.849557522123893
8.902077151335313
8.923076923076923
8.970976253298153
8.982035928143713
9.064327485380117
9.144542772861357
9.30930930930931
9.501187648456057
9.880239520958083
9.912536443148689
10.21021021021021
10.315186246418339
10.355029585798817
10.364145658263306
10.429447852760736
10.554089709762533
10.695187165775401
10.81081081081081
10.81081081081081
10.826210826210826
10.875331564986737
10.880829015544041
11.077844311377245
11.144578313253012
11.314984709480122
11.490683229813664
11.5
11.515151515151516
11.55015197568389
11.647727272727272
11.671087533156498
11.988304093567251
12.38390092879257
12.462006079027356
12.533333333333333
12.56544502617801
12.576687116564417
12.600536193029491
13.043478260869565
13.20754716981132
13.230769230769232
13.262599469496022
13.59773371104816
13.836477987421384
13.855421686746988
14.153846153846153
14.19939577039275
14.634146341463413
14.75
14.893617021276595
15.064935064935064
15.133531157270031
15.249266862170089
15.300546448087433
15.309446254071663
15.616438356164384
15.675675675675677
15.773809523809524
15.806451612903224
15.864022662889518
15.929203539823009
16.120906801007557
16.320474777448073
16.569767441860463
16.81159420289855
16.938110749185668
16.94915254237288
16.9811320754717
17.01492537313433
17.058823529411764
17.10914454277286
17.10914454277286
17.142857142857142
17.431192660550458
17.478510028653297
17.765042979942695
17.91907514450867
18.012422360248447
18.04733727810651
18.075801749271136
18.289085545722713
18.55072463768116
18.58407079646018
18.61861861861862
18.711656441717793
18.73198847262248
19.020172910662826
19.210526315789473
19.230769230769234
19.263456090651555
19.533527696793
19.5906432748538
19.631901840490798
19.770773638968482
19.770773638968482
19.825072886297377
19.940476190476193
20.0
20.0
20.056497175141246
20.06472491909385
20.13201320132013
20.178041543026705
20.234604105571847
20.348837209302324
20.42042042042042
20.454545454545457
20.46783625730994
20.689655172413794
20.8955223880597
21.08626198083067
21.238938053097346
21.31519274376417
21.367521367521366
21.38157894736842
21.637426900584796
21.75141242937853
21.802325581395348
21.875
21.994134897360702
22.093023255813954
22.126436781609197
22.2972972972973
22.448979591836736
22.492401215805472
22.58064516129032
22.647058823529413
22.647058823529413
22.796352583586625
23.10030395136778
23.123123123123122
23.214285714285715
23.25581395348837
23.47826086956522
23.723723723723726
23.728813559322035
23.795180722891565
23.837209302325583
24.251497005988025
24.269005847953213
24.315068493150687
24.34017595307918
24.458204334365323
24.776119402985074
25.0
25.0
25.294117647058822
25.297619047619047
25.60553633217993
25.60553633217993
26.08695652173913
26.11464968152866
26.586102719033235
26.589595375722542
26.644736842105267
26.706231454005934
26.910299003322258
26.911314984709477
27.0
27.27272727272727
27.30496453900709
27.586206896551722
27.714285714285715
27.80487804878049
27.82874617737003
27.878787878787882
28.012048192771083
28.023598820058996
28.125
28.32080200501253
28.321678321678323
28.391167192429023
28.455284552845526
28.535353535353536
28.680203045685282
28.807947019867548
28.990228013029316
29.01023890784983
29.03225806451613
29.04761904761905
29.268292682926827
29.503105590062113
29.51388888888889
29.545454545454547
29.607250755287005
29.681978798586574
30.357142857142854
30.47091412742382
30.604982206405694
30.76923076923077
30.994152046783626
31.09540636042403
31.137724550898206
31.384615384615383
31.398416886543533
31.5018315018315
31.73076923076923
31.879194630872483
32.05128205128205
32.515337423312886
32.86118980169972
33.088235294117645
33.33333333333333
34.3042071197411
34.319526627218934
34.53237410071942
34.98349834983499
35.099337748344375
36.043360433604335
36.33440514469453
36.39344262295082
36.57817109144543
36.60130718954248
36.90036900369004
36.91275167785235
37.102473498233216
37.95620437956204
38.079470198675494
38.26714801444043
38.41059602649007
38.46153846153847
38.72053872053872
39.08450704225352
40.0
40.0
40.11299435028249
40.549828178694156
40.853658536585364
41.54929577464789
41.71597633136095
41.86851211072664
41.98250728862974
42.244224422442244
42.25352112676056
45.017182130584196
45.07462686567164
45.10489510489511
46.45390070921986
47.22222222222222
47.26027397260274
47.633136094674555
48.014440433213
49.45454545454545
49.82078853046595
50.175438596491226
50.177935943060504
50.89605734767025
51.91637630662021
52.23367697594502
53.68421052631579
56.42633228840125
65.70680628272252
71.0801393728223
71.53284671532847
92.5531914893617
97.3063973063973
