Number of Runs,181

Direct 95% Percentile CI Width,27.647239615203006
Direct 95% Percentile CI Lower Bound,-9.460105112279026
Direct 95% Percentile CI Upper Bound,18.18713450292398

Bootstrap 95% Percentile CI Width,2.5099347363911013
Bootstrap 95% Percentile CI Lower Bound,2.7561102444097765
Bootstrap 95% Percentile CI Upper Bound,5.266044980800878

Percentage Difference (%)
-16.08159392789374
-12.468577174459528
-11.795357650402654
-11.742424242424242
-9.460105112279026
-8.916537065837222
-8.194154488517745
-6.553911205073996
-6.1669829222011385
-6.073521576984549
-5.826271186440677
-5.450620615218565
-5.2577845839714135
-5.25756771109931
-5.113336847654191
-4.589994842702424
-3.982542280414621
-3.9285714285714284
-3.850325379609545
-3.7590113285272917
-3.6452665941240476
-3.319713993871297
-3.3092037228541886
-3.2097399003873823
-2.955145118733509
-2.8221512247071354
-2.6873385012919897
-2.659846547314578
-2.4494142705005326
-2.31023102310231
-2.2762545266425245
-2.2739291380222104
-2.1936864633493847
-1.5392781316348196
-1.479133650290544
-1.3989637305699483
-1.3388259526261586
-1.2257405515832482
-1.106427818756586
-0.8333333333333334
-0.7932310946589107
-0.6138392857142857
-0.2570694087403599
-0.21074815595363539
-0.158144438587243
-0.10157440325038089
0.17123287671232876
0.30991735537190085
0.47568710359408034
0.4761904761904762
0.6305832895428272
0.7042253521126761
0.7095793208312215
0.7494646680942184
0.9095773140716961
0.977366255144033
0.9830693610049154
1.273209549071618
1.3064779531845399
1.4799154334038054
1.6492578339747113
1.6897081413210446
1.7534811758638473
1.891891891891892
1.8929150892374256
1.934443847393874
1.9577537351880476
2.011173184357542
2.3630504833512354
2.4096385542168677
2.4945770065075923
2.6213050752928053
2.6659696811291167
2.6834611171960567
2.704135737009544
2.7246376811594204
2.736726874657909
2.7561102444097765
2.774755168661589
2.880434782608696
2.88153681963714
2.927088877062267
3.082549634273772
3.116457080371788
3.177857508969759
3.237410071942446
3.2520325203252036
3.350083752093802
3.451938396176314
3.707802988378528
3.8163716814159288
3.861003861003861
3.8933333333333335
3.985317252228631
4.024943310657596
4.146981627296588
4.21455938697318
4.354669464847849
4.412641621943948
4.490227152667723
4.7418335089567965
4.772234273318872
4.972375690607735
5.266044980800878
5.362078496406855
5.363128491620111
5.424657534246576
5.543595263724435
5.543710021321962
5.558643690939411
5.745257452574526
5.8628318584070795
5.969331872946331
5.972602739726027
5.974316024567281
6.012134583563155
6.026666666666667
6.260118726389638
6.2983425414364635
6.373861810391002
6.4784053156146175
6.663025669033315
6.692056583242654
6.783253842077372
6.866485013623978
7.248858447488585
7.296587926509186
7.520891364902507
7.617411225658649
7.661520869068039
7.700421940928271
8.019911504424778
8.49673202614379
8.49889624724062
8.552263834544437
8.886450905101482
8.914728682170542
8.949416342412452
8.970099667774086
9.204545454545453
9.253731343283581
9.381663113006397
9.47136563876652
9.515951595159516
9.5372460496614
9.745533297238767
9.869540555870675
10.1010101010101
10.101613867304243
10.398230088495575
10.48243001786778
11.02227298686465
11.055555555555555
11.197771587743732
11.213935764833968
11.51548071700163
11.648745519713263
11.717861205915813
11.754684838160136
11.804008908685969
11.835616438356164
12.23404255319149
12.462731067382231
12.485811577752553
12.685714285714287
13.159387407827566
13.527397260273974
13.879408418657565
14.366837024417944
14.96904895891953
15.169902912621358
15.450890292935096
15.714285714285714
16.63706335109532
17.57075471698113
17.976190476190474
18.18713450292398
18.993409227082086
20.534629404617256
21.98198198198198
22.765700483091788
