Number of Runs,717

Direct 95% Percentile CI Width,146.49122807017542
Direct 95% Percentile CI Lower Bound,-33.33333333333333
Direct 95% Percentile CI Upper Bound,113.1578947368421

Bootstrap 95% Percentile CI Width,7.92972459639126
Bootstrap 95% Percentile CI Lower Bound,19.230769230769234
Bootstrap 95% Percentile CI Upper Bound,27.160493827160494

Percentage Difference (%)
-57.49999999999999
-50.303030303030305
-46.927374301675975
-45.3125
-43.558282208588956
-41.843971631205676
-40.97222222222222
-40.0
-37.988826815642454
-37.1900826446281
-36.09022556390977
-35.374149659863946
-35.25179856115108
-34.50704225352113
-34.50704225352113
-34.48275862068966
-34.04255319148936
-33.33333333333333
-33.098591549295776
-32.142857142857146
-32.098765432098766
-31.428571428571427
-31.16883116883117
-30.303030303030305
-29.906542056074763
-29.87012987012987
-29.81366459627329
-29.655172413793103
-29.629629629629626
-29.230769230769234
-29.078014184397162
-28.65853658536585
-28.57142857142857
-28.46153846153846
-27.941176470588236
-27.884615384615387
-27.73722627737226
-27.659574468085108
-27.333333333333332
-27.27272727272727
-26.400000000000002
-25.850340136054424
-25.850340136054424
-25.384615384615383
-25.179856115107913
-24.793388429752067
-24.444444444444443
-23.92638036809816
-23.62204724409449
-23.239436619718308
-23.178807947019866
-23.015873015873016
-22.62773722627737
-22.55639097744361
-22.22222222222222
-22.093023255813954
-22.058823529411764
-21.929824561403507
-21.518987341772153
-20.610687022900763
-20.32520325203252
-20.0
-19.841269841269842
-19.82758620689655
-19.696969696969695
-19.672131147540984
-19.310344827586206
-19.2
-18.796992481203006
-18.439716312056735
-18.235294117647058
-18.181818181818183
-18.115942028985508
-18.045112781954884
-17.692307692307693
-17.21311475409836
-16.666666666666664
-16.666666666666664
-16.55629139072848
-16.541353383458645
-16.27906976744186
-16.23931623931624
-16.176470588235293
-15.894039735099339
-15.894039735099339
-15.53398058252427
-15.238095238095239
-14.965986394557824
-14.814814814814813
-14.754098360655737
-14.728682170542637
-14.285714285714285
-14.285714285714285
-14.193548387096774
-14.173228346456693
-14.150943396226415
-13.953488372093023
-13.924050632911392
-13.846153846153847
-13.636363636363635
-13.013698630136986
-12.977099236641221
-12.871287128712872
-12.371134020618557
-12.121212121212121
-12.037037037037036
-11.304347826086957
-11.11111111111111
-11.11111111111111
-10.948905109489052
-10.784313725490197
-10.714285714285714
-10.256410256410255
-10.185185185185185
-10.0
-10.0
-9.900990099009901
-9.558823529411764
-9.523809523809524
-9.473684210526317
-9.401709401709402
-9.183673469387756
-9.090909090909092
-8.737864077669903
-8.661417322834646
-8.60215053763441
-8.547008547008547
-8.264462809917356
-7.766990291262135
-7.6923076923076925
-7.643312101910828
-7.462686567164178
-7.4074074074074066
-7.017543859649122
-6.956521739130435
-6.9306930693069315
-6.923076923076923
-6.796116504854369
-6.730769230769231
-6.722689075630252
-6.622516556291391
-6.6115702479338845
-6.382978723404255
-6.043956043956044
-6.024096385542169
-5.88235294117647
-5.813953488372093
-5.633802816901409
-5.607476635514018
-5.555555555555555
-5.263157894736842
-5.208333333333334
-5.185185185185185
-5.0
-4.964539007092199
-4.861111111111112
-4.716981132075472
-3.787878787878788
-3.669724770642202
-3.418803418803419
-3.418803418803419
-3.3707865168539324
-3.3057851239669422
-3.260869565217391
-3.260869565217391
-2.9702970297029703
-2.8368794326241136
-2.803738317757009
-2.459016393442623
-2.2900763358778624
-2.2900763358778624
-2.2388059701492535
-2.127659574468085
-2.0408163265306123
-1.9047619047619049
-1.7857142857142856
-1.6129032258064515
-1.5037593984962405
-1.1111111111111112
-1.0869565217391304
-1.0638297872340425
-1.0204081632653061
-1.0101010101010102
-1.0
-1.0
-0.8620689655172413
-0.847457627118644
0.0
0.0
0.0
0.0
0.0
0.0
0.0
0.0
0.0
0.7092198581560284
0.7751937984496124
0.8620689655172413
0.9009009009009009
0.9615384615384616
1.0
1.4388489208633095
1.4925373134328357
1.6260162601626018
1.8018018018018018
2.0408163265306123
2.272727272727273
2.3529411764705883
2.4193548387096775
2.4390243902439024
2.586206896551724
2.608695652173913
2.803738317757009
2.8301886792452833
3.1578947368421053
3.3707865168539324
3.4782608695652173
3.4965034965034967
3.5294117647058822
3.571428571428571
4.098360655737705
4.132231404958678
4.651162790697675
4.672897196261682
4.819277108433735
4.838709677419355
4.854368932038835
5.084745762711865
5.384615384615385
5.405405405405405
5.442176870748299
5.660377358490567
5.737704918032787
5.747126436781609
5.785123966942149
6.024096385542169
6.1946902654867255
6.315789473684211
6.504065040650407
6.521739130434782
6.666666666666667
6.730769230769231
6.956521739130435
7.000000000000001
7.0588235294117645
7.0588235294117645
7.086614173228346
7.59493670886076
7.8431372549019605
7.894736842105263
8.045977011494253
8.19672131147541
8.24742268041237
8.411214953271028
8.823529411764707
8.88888888888889
8.98876404494382
9.027777777777777
9.090909090909092
9.30232558139535
9.67741935483871
9.70873786407767
9.782608695652174
9.900990099009901
10.1010101010101
10.15625
10.185185185185185
10.204081632653061
10.309278350515463
10.309278350515463
10.344827586206897
10.476190476190476
10.526315789473683
10.9375
11.0
11.11111111111111
11.25
11.320754716981133
11.34020618556701
11.578947368421053
11.881188118811881
11.926605504587156
12.389380530973451
12.592592592592592
12.62135922330097
12.666666666666668
13.114754098360656
13.392857142857142
13.533834586466165
13.793103448275861
13.861386138613863
13.978494623655912
14.000000000000002
14.000000000000002
14.388489208633093
14.473684210526317
14.545454545454545
14.754098360655737
14.85148514851485
14.87603305785124
14.87603305785124
14.893617021276595
14.942528735632186
15.053763440860216
15.217391304347828
15.306122448979592
15.306122448979592
15.476190476190476
15.573770491803279
15.625
16.161616161616163
16.50485436893204
16.666666666666664
16.666666666666664
17.17171717171717
17.20430107526882
17.431192660550458
17.441860465116278
17.5
17.5
17.647058823529413
17.75700934579439
17.80821917808219
17.97752808988764
18.181818181818183
18.548387096774192
18.627450980392158
18.88888888888889
18.89763779527559
18.9873417721519
19.205298013245034
19.230769230769234
19.298245614035086
19.54022988505747
19.548872180451127
19.587628865979383
20.175438596491226
20.238095238095237
20.588235294117645
20.618556701030926
20.66115702479339
20.87912087912088
21.014492753623188
21.052631578947366
21.09375
21.50537634408602
21.50537634408602
21.568627450980394
21.782178217821784
21.839080459770116
22.018348623853214
22.115384615384613
22.22222222222222
22.5
22.52252252252252
22.54901960784314
23.404255319148938
23.595505617977526
23.636363636363637
23.655913978494624
24.074074074074073
24.271844660194176
24.299065420560748
24.444444444444443
24.46808510638298
24.615384615384617
24.65753424657534
24.761904761904763
24.793388429752067
25.0
25.0
25.287356321839084
25.301204819277107
25.609756097560975
25.78125
25.833333333333336
25.925925925925924
25.925925925925924
26.190476190476193
26.31578947368421
26.666666666666668
26.744186046511626
26.744186046511626
27.160493827160494
27.380952380952383
27.500000000000004
27.73109243697479
27.835051546391753
28.000000000000004
28.000000000000004
28.09917355371901
28.235294117647058
28.235294117647058
28.440366972477065
28.448275862068968
28.57142857142857
28.735632183908045
28.915662650602407
29.069767441860467
29.268292682926827
29.333333333333332
29.365079365079367
29.508196721311474
29.523809523809526
29.545454545454547
29.577464788732392
29.577464788732392
29.75206611570248
29.82456140350877
30.0
30.136986301369863
30.208333333333332
30.392156862745097
30.526315789473685
30.58823529411765
30.76923076923077
30.973451327433626
31.132075471698112
31.25
31.46067415730337
31.46067415730337
31.76470588235294
32.0
32.05128205128205
32.098765432098766
32.142857142857146
32.18390804597701
32.29166666666667
32.323232323232325
32.5
32.608695652173914
32.743362831858406
32.857142857142854
32.95454545454545
32.95454545454545
32.967032967032964
33.00970873786408
33.035714285714285
33.33333333333333
33.33333333333333
33.33333333333333
33.33333333333333
33.63636363636363
33.68421052631579
33.734939759036145
33.80281690140845
33.980582524271846
34.0
34.04255319148936
34.074074074074076
34.11764705882353
34.11764705882353
34.166666666666664
34.21052631578947
34.44444444444444
34.44444444444444
34.5679012345679
34.72222222222222
34.831460674157306
34.883720930232556
34.883720930232556
34.90566037735849
35.16483516483517
35.22727272727273
35.294117647058826
35.338345864661655
35.61643835616438
35.61643835616438
35.63218390804598
35.95505617977528
36.0
36.26373626373626
36.36363636363637
36.7816091954023
36.84210526315789
36.84210526315789
36.95652173913043
37.17948717948718
37.5
37.5
37.62376237623762
37.77777777777778
37.77777777777778
37.80487804878049
37.93103448275862
38.20224719101123
38.20224719101123
38.21138211382114
38.23529411764706
38.46153846153847
38.63636363636363
38.793103448275865
38.88888888888889
38.94736842105263
39.08045977011494
39.130434782608695
39.39393939393939
39.53488372093023
39.603960396039604
39.743589743589745
39.77272727272727
39.795918367346935
40.0
40.0
40.38461538461539
41.1214953271028
41.17647058823529
41.25
41.42857142857143
41.57303370786517
41.57303370786517
41.584158415841586
42.10526315789473
42.168674698795186
42.5287356321839
42.66666666666667
42.857142857142854
43.05555555555556
43.20987654320987
43.24324324324324
43.28358208955223
43.29896907216495
43.529411764705884
43.58974358974359
44.0
44.230769230769226
44.31818181818182
44.554455445544555
44.554455445544555
44.565217391304344
44.57831325301205
44.776119402985074
44.776119402985074
44.827586206896555
44.9438202247191
45.348837209302324
45.83333333333333
45.91836734693878
46.42857142857143
46.72131147540984
46.75324675324675
47.25274725274725
47.43589743589743
48.19277108433735
48.275862068965516
48.529411764705884
48.95833333333333
49.152542372881356
49.29577464788733
49.43820224719101
49.45054945054945
49.504950495049506
50.0
50.0
50.0
50.0
50.0
50.42016806722689
50.467289719626166
50.588235294117645
51.35135135135135
51.546391752577314
51.68539325842697
51.89873417721519
51.94805194805194
52.17391304347826
52.38095238095239
52.72727272727272
53.48837209302325
53.48837209302325
53.57142857142857
53.68421052631579
53.84615384615385
54.43037974683544
54.54545454545454
54.666666666666664
55.00000000000001
55.294117647058826
55.4054054054054
55.55555555555556
55.84415584415584
56.00000000000001
57.14285714285714
57.30337078651685
57.30337078651685
57.47126436781609
57.57575757575758
57.831325301204814
58.22784810126582
58.333333333333336
58.42696629213483
58.51063829787234
58.57142857142858
58.58585858585859
58.620689655172406
58.82352941176471
59.154929577464785
59.154929577464785
59.183673469387756
59.25925925925925
59.45945945945946
59.70149253731343
59.78260869565217
60.0
60.0
60.19417475728155
60.24096385542169
61.038961038961034
61.1764705882353
61.33333333333333
61.44578313253012
62.0253164556962
62.19512195121951
62.5
63.1578947368421
64.42307692307693
64.47368421052632
64.47368421052632
65.0485436893204
65.38461538461539
65.47619047619048
65.71428571428571
65.85365853658537
66.29213483146067
66.66666666666666
66.66666666666666
66.66666666666666
67.44186046511628
67.44186046511628
67.5
67.67676767676768
67.81609195402298
68.11594202898551
68.53932584269663
68.6046511627907
69.0
69.3069306930693
69.47368421052632
69.73684210526315
70.51282051282051
70.83333333333334
71.7948717948718
71.83098591549296
71.84466019417476
72.22222222222221
73.17073170731707
73.46938775510205
74.24242424242425
74.64788732394366
75.86206896551724
76.05633802816901
76.13636363636364
76.5432098765432
76.92307692307693
77.46478873239437
78.04878048780488
79.06976744186046
79.72972972972973
80.0
80.55555555555556
81.81818181818183
82.14285714285714
82.97872340425532
83.13253012048193
83.13253012048193
83.87096774193549
84.28571428571429
85.0
85.8974358974359
86.20689655172413
86.66666666666667
87.32394366197182
87.32394366197182
87.5
87.87878787878788
88.57142857142857
88.60759493670885
91.11111111111111
92.10526315789474
92.20779220779221
92.3076923076923
92.95774647887323
93.02325581395348
93.15068493150685
93.6842105263158
94.04761904761905
94.36619718309859
94.3820224719101
100.0
100.0
101.42857142857142
101.44927536231884
104.22535211267605
106.09756097560977
108.43373493975903
109.09090909090908
110.00000000000001
111.76470588235294
113.1578947368421
114.99999999999999
116.66666666666667
117.64705882352942
118.05555555555556
119.44444444444444
122.22222222222223
125.0
127.27272727272727
127.77777777777777
128.2051282051282
129.5774647887324
132.0
135.71428571428572
136.47058823529412
138.0281690140845
145.58823529411765
146.55172413793102
