Number of Runs,130

Direct 95% Percentile CI Width,25.910141846947006
Direct 95% Percentile CI Lower Bound,0.9689922480620154
Direct 95% Percentile CI Upper Bound,26.87913409500902

Bootstrap 95% Percentile CI Width,1.3758052646222527
Bootstrap 95% Percentile CI Lower Bound,14.75679142046062
Bootstrap 95% Percentile CI Upper Bound,16.132596685082873

Percentage Difference (%)
-2.6365348399246704
-0.30991735537190085
0.665083135391924
0.9689922480620154
1.65016501650165
1.8327067669172932
3.709856035437431
4.542996214169821
5.0
5.355191256830602
5.7926829268292686
6.225895316804408
6.350082827167311
6.357214934409687
6.564551422319474
6.976744186046512
7.577433628318585
7.982261640798225
8.01317233809001
8.783783783783784
8.928571428571429
10.146443514644352
10.309278350515463
10.989643268124281
11.984815618221258
12.0415982484948
12.399355877616747
12.405200433369448
12.526997840172784
12.568008705114256
12.688984881209503
12.791327913279133
12.8518321826872
12.896292315959162
12.950819672131148
12.99836155106499
13.052858683926646
13.08562197092084
13.198757763975156
13.740458015267176
13.741721854304636
13.78755364806867
13.942044833242209
14.019715224534501
14.096185737976782
14.105378704720087
14.277839029768469
14.450549450549449
14.472965592572365
14.49671772428884
14.54646017699115
14.585635359116022
14.66372657111356
14.749587231700605
14.763995609220636
14.889009204114782
15.005537098560353
15.124653739612187
15.148188803512625
15.225666122892875
15.227021040974527
15.241228070175438
15.26929483620211
15.359297860669226
15.384615384615385
15.41436464088398
15.57871640153593
15.703380588876772
15.766262403528113
15.777899945024739
15.916575192096596
15.965008201202844
16.048699501936913
16.078218359587183
16.100278551532032
16.11842105263158
16.132596685082873
16.192560175054705
16.240266963292544
16.245883644346872
16.25615763546798
16.28808864265928
16.37458926615553
16.38448935008192
16.39433551198257
16.5929203539823
16.62095447065277
16.629834254143645
16.657443276148314
16.730663741086122
16.7741935483871
16.926503340757236
16.954824316787505
16.96132596685083
17.095890410958905
17.177914110429448
17.212659633536926
17.22805080066262
17.250821467688937
17.34072022160665
17.353102690829214
17.422566371681416
17.54189944134078
17.587939698492463
17.617728531855956
17.718715393133998
17.754424778761063
17.77777777777778
17.803660565723796
17.863105175292155
17.88482834994463
17.927631578947366
18.383167220376524
18.514412416851442
18.526785714285715
19.132791327913278
19.252232142857142
19.913653534808418
21.386946386946388
21.960569550930998
22.0023282887078
24.365781710914455
24.65753424657534
25.63329312424608
26.143790849673206
26.534296028880867
26.87913409500902
27.404718693284934
27.78450363196126
28.424864212432105
