Number of Runs,300

Direct 95% Percentile CI Width,16.95007154153174
Direct 95% Percentile CI Lower Bound,2.029520295202952
Direct 95% Percentile CI Upper Bound,18.979591836734695

Bootstrap 95% Percentile CI Width,1.0080291099518437
Bootstrap 95% Percentile CI Lower Bound,9.74155069582505
Bootstrap 95% Percentile CI Upper Bound,10.749579805776893

Percentage Difference (%)
0.18832391713747645
1.1363636363636365
1.3409961685823755
1.5151515151515151
1.5267175572519083
1.8450184501845017
1.9157088122605364
2.029520295202952
2.312138728323699
2.5830258302583027
2.793296089385475
2.8735632183908044
2.9357798165137616
2.9465930018416207
2.9850746268656714
3.171641791044776
3.25497287522604
3.339517625231911
3.3582089552238807
3.564727954971857
3.766478342749529
3.860294117647059
3.860294117647059
4.133858267716536
4.143126177024483
4.150943396226415
4.3478260869565215
4.45632798573975
4.545454545454546
4.597701149425287
4.6992481203007515
4.814814814814815
4.8169556840077075
4.878048780487805
4.940711462450593
5.0
5.018587360594796
5.182341650671785
5.189620758483033
5.303030303030303
5.343511450381679
5.451127819548872
5.544933078393881
5.544933078393881
5.566600397614314
5.5876685934489405
5.649717514124294
5.893536121673003
5.893536121673003
5.893909626719057
5.928853754940711
6.015037593984962
6.049149338374291
6.072106261859583
6.102362204724409
6.138613861386139
6.142034548944338
6.142034548944338
6.142034548944338
6.142034548944338
6.204379562043796
6.297709923664121
6.297709923664121
6.346153846153846
6.517690875232775
6.538461538461539
6.573705179282868
6.8014705882352935
6.841046277665996
6.96798493408663
6.986027944111776
7.007575757575757
7.020872865275142
7.061068702290077
7.258064516129033
7.3786407766990285
7.3786407766990285
7.386363636363637
7.3999999999999995
7.436399217221135
7.587548638132295
7.7227722772277225
7.766990291262135
7.8125
7.847082494969819
7.910750507099391
7.926829268292683
7.936507936507936
7.984790874524715
8.023483365949119
8.102766798418973
8.130081300813007
8.151093439363818
8.284023668639055
8.284023668639055
8.284023668639055
8.333333333333332
8.349514563106796
8.49802371541502
8.49802371541502
8.49802371541502
8.502024291497975
8.604206500956023
8.610567514677104
8.644400785854616
8.661417322834646
8.661417322834646
8.764940239043826
8.858267716535433
8.870967741935484
8.893280632411066
8.897485493230175
8.94308943089431
9.073359073359073
9.108910891089108
9.127789046653144
9.233791748526523
9.248554913294797
9.288537549407115
9.306930693069306
9.33852140077821
9.387755102040817
9.448818897637794
9.448818897637794
9.467455621301776
9.477756286266924
9.486166007905137
9.497206703910614
9.552845528455284
9.552845528455284
9.580838323353294
9.722222222222223
9.74155069582505
9.74155069582505
9.760956175298805
9.760956175298805
9.8
9.819639278557114
9.881422924901186
9.885931558935361
9.904761904761905
9.959349593495935
9.980430528375733
10.0
10.0
10.056925996204933
10.06036217303823
10.133843212237094
10.2
10.266940451745379
10.266940451745379
10.305343511450381
10.317460317460316
10.325047801147228
10.404624277456648
10.420841683366733
10.46277665995976
10.46277665995976
10.483870967741936
10.51625239005736
10.557768924302788
10.617760617760617
10.62992125984252
10.685483870967742
10.707456978967496
10.714285714285714
10.7421875
10.756972111553784
10.76320939334638
10.81081081081081
10.821643286573146
10.831721470019342
10.869565217391305
10.877862595419847
10.891089108910892
10.931174089068826
11.007462686567164
11.020408163265307
11.02514506769826
11.02803738317757
11.066398390342053
11.066398390342053
11.066398390342053
11.08910891089109
11.133603238866396
11.133603238866396
11.196911196911197
11.220472440944881
11.287128712871288
11.29032258064516
11.30952380952381
11.30952380952381
11.316872427983538
11.332007952286283
11.332007952286283
11.411992263056092
11.422845691382765
11.439842209072978
11.44578313253012
11.44578313253012
11.507936507936508
11.530815109343937
11.530815109343937
11.538461538461538
11.538461538461538
11.683168316831685
11.695906432748536
11.76470588235294
11.789473684210526
11.83206106870229
11.847389558232932
11.857707509881422
11.91919191919192
11.928429423459244
11.946050096339114
11.952191235059761
12.045889101338432
12.170385395537526
12.170385395537526
12.195121951219512
12.273641851106639
12.298387096774194
12.3015873015873
12.373225152129818
12.427184466019417
12.449799196787147
12.449799196787147
12.449799196787147
12.449799196787147
12.5
12.57606490872211
12.72365805168986
12.804878048780488
12.851405622489958
12.871287128712872
12.915851272015654
12.981744421906694
12.981744421906694
12.981744421906694
13.03501945525292
13.184584178498987
13.211382113821138
13.320463320463322
13.360323886639677
13.438735177865613
13.580246913580247
13.813229571984436
13.861386138613863
13.88888888888889
13.995943204868155
14.007782101167315
14.117647058823529
14.145383104125736
14.17004048582996
14.174757281553399
14.201183431952662
14.202334630350194
14.202334630350194
14.227642276422763
14.314115308151093
14.341846758349705
14.37125748502994
14.40329218106996
14.489795918367346
14.730290456431536
14.814814814814813
14.845360824742269
14.990138067061142
15.040650406504067
15.071283095723015
15.32258064516129
15.41501976284585
15.6
15.612648221343871
16.227180527383368
16.835699797160245
16.966067864271455
16.966067864271455
17.0
17.2
17.234468937875754
17.303822937625753
17.338709677419356
17.479674796747968
17.73879142300195
17.849898580121703
18.089430894308943
18.10865191146881
18.200408997955012
18.480492813141684
18.495934959349594
18.930041152263374
18.979591836734695
19.26977687626775
19.308943089430894
19.387755102040817
19.4672131147541
19.50718685831622
19.874476987447697
21.75732217573222
