Number of Runs,784

Direct 95% Percentile CI Width,23.523273389659714
Direct 95% Percentile CI Lower Bound,3.798155181768855
Direct 95% Percentile CI Upper Bound,27.32142857142857

Bootstrap 95% Percentile CI Width,0.5657052466405403
Bootstrap 95% Percentile CI Lower Bound,15.2252064588527
Bootstrap 95% Percentile CI Upper Bound,15.79091170549324

Percentage Difference (%)
-8.898305084745763
-7.277882797731569
-2.036094400740398
-0.9411764705882352
-0.23923444976076555
-0.23618327822390173
1.0920436817472698
1.244167962674961
2.0073956682514527
2.0309477756286265
2.5210084033613445
3.074433656957929
3.3262935586061246
3.3333333333333335
3.344982526210684
3.3871808233454925
3.4650785056848945
3.4889962426194314
3.606557377049181
3.798155181768855
3.9078156312625247
4.378378378378378
4.47381799694967
4.779806659505907
4.934210526315789
5.0
5.057096247960848
5.119825708061002
5.338470005503577
5.349344978165939
5.495103373231774
5.525164113785558
5.537459283387622
5.561555075593953
5.5768179332968835
5.588714053174173
5.6314926189174415
5.636070853462158
5.646929824561404
5.6941431670282
5.7251908396946565
5.810736026563364
5.853658536585367
5.901461829994585
5.901639344262295
5.920695274307441
5.921052631578947
5.975877192982456
5.989010989010989
6.026666666666667
6.0855263157894735
6.088864509051015
6.101511879049676
6.149584487534626
6.201975850713501
6.295264623955433
6.338028169014084
6.4088397790055245
6.435911303407248
6.453392167677882
6.495633187772926
6.528835690968444
6.623235613463627
6.645898234683282
6.756002233389167
6.766116142781034
6.7665002773155845
6.853070175438597
6.856829402084476
6.8584070796460175
6.921373200442968
6.923076923076923
6.969026548672566
6.989543203082003
6.990394877267876
7.041484716157205
7.076247942951179
7.103218645948946
7.119205298013245
7.162687395891172
7.33186328555678
7.360959651035986
7.37073707370737
7.388888888888889
7.401315789473683
7.4863387978142075
7.4902179988820565
7.494529540481401
7.5167037861915365
7.5233388248215265
7.52453653217012
7.671232876712329
7.761027359017309
7.795100222717149
7.807308970099667
7.807308970099667
7.853982300884955
7.888888888888888
7.90929203539823
7.926829268292683
7.932166301969365
7.940854326396495
7.941834451901567
7.982740021574973
8.04661487236404
8.075880758807589
8.129175946547884
8.152173913043478
8.166666666666666
8.213096559378469
8.245125348189415
8.342541436464089
8.387799564270153
8.407572383073497
8.423913043478262
8.439051296194153
8.52367688022284
8.712121212121213
8.740499457111834
8.751393534002231
8.816964285714286
9.036144578313253
9.055982436882546
9.105960264900661
9.253065774804906
9.26130099228225
9.290819131390874
9.312638580931264
9.35960591133005
9.388888888888888
9.428729894620078
9.449694274596999
9.531772575250837
9.547461368653423
9.615384615384617
9.621621621621621
9.654017857142858
9.656301145662848
9.657320872274143
9.701071630005641
9.850581073602656
9.988839285714286
10.0104821802935
10.086299892125135
10.09994739610731
10.15583019881784
10.22604951560818
10.257759074171489
10.26908292147172
10.283877878950188
10.431458219552157
10.5
10.543840177580465
10.687830687830688
10.80332409972299
10.830945558739256
10.99785407725322
11.007154650522839
11.05290728129911
11.27371273712737
11.286089238845145
11.349036402569594
11.36978884677856
11.371055495103374
11.495535714285714
11.517761033369215
11.528150134048257
11.5363283416528
11.576227390180877
11.645422943221321
11.85264281900694
11.870295309785755
11.919770773638968
11.936339522546419
12.030484485574306
12.055109070034444
12.100840336134453
12.171428571428573
12.215435868961688
12.240437158469945
12.251477700161203
12.26927252985885
12.284482758620689
12.376779846659366
12.38457360130364
12.38457360130364
12.398484028153762
12.459016393442624
12.485414235705951
12.520325203252034
12.540365984930032
12.58134490238612
12.587038028923406
12.587412587412588
12.729234088457389
12.752043596730244
12.819120043454642
12.86329386437029
12.911939492166397
12.913727618014107
12.919186366135238
12.957900492072172
12.960954446854664
12.979989183342347
13.001083423618635
13.069094804499196
13.06941431670282
13.06941431670282
13.095238095238097
13.119216113228088
13.21061180292366
13.224043715846994
13.238512035010942
13.258185721953838
13.31151118385161
13.32967635765222
13.396561944279787
13.417305585980285
13.419216317767043
13.423913043478262
13.43121261555193
13.437668645439826
13.448660714285715
13.449023861171366
13.495934959349592
13.528138528138529
13.537117903930133
13.53829557713053
13.541666666666666
13.542795232936077
13.564839934888766
13.596966413867822
13.604713444027853
13.636363636363635
13.636363636363635
13.646170442286948
13.653741125068269
13.68307193077339
13.698630136986301
13.715846994535518
13.731825525040387
13.735070575461455
13.74253123302553
13.754045307443366
13.780160857908847
13.796849538294406
13.825136612021858
13.836136733586542
13.841961852861035
13.845258871436883
13.84783798576902
13.857064920894707
13.863013698630136
13.866666666666665
13.87061403508772
13.882863340563992
13.902572523262178
13.905486148832155
13.928182807399347
13.942044833242209
13.944655453065655
13.945945945945946
13.949381989405532
13.966175668303327
13.97139713971397
13.998914812805207
14.022739577693558
14.022739577693558
14.022739577693558
14.032258064516128
14.073666849917538
14.084507042253522
14.084507042253522
14.10877759827679
14.122137404580155
14.153005464480875
14.161220043572984
14.168490153172867
14.169381107491857
14.194915254237289
14.207650273224044
14.209591474245114
14.215686274509803
14.215686274509803
14.231601731601732
14.25462459194777
14.262295081967213
14.285714285714285
14.285714285714285
14.293507910529188
14.317059791552387
14.370932754880695
14.394350896252037
14.401732539252842
14.40443213296399
14.41048034934498
14.411927112092767
14.434117003827229
14.449291166848418
14.45993031358885
14.463705308775731
14.486486486486486
14.497528830313014
14.502987506789788
14.512595837897043
14.52070334656835
14.541508410200759
14.557305812058663
14.571092831962398
14.574235807860262
14.585635359116022
14.60794844253491
14.617044228694715
14.62341946124244
14.63013698630137
14.639397201291713
14.642082429501086
14.673913043478262
14.674819344080046
14.704256495301271
14.712389380530974
14.753189129229064
14.759535655058043
14.786418400876233
14.788732394366196
14.792243767313018
14.808743169398909
14.824945295404815
14.853101196953212
14.853101196953212
14.87151448879169
14.903846153846153
14.916201117318437
14.919578480310594
14.92204899777283
14.927857935627081
14.937533948940793
14.956331877729257
14.95890410958904
14.975041597337771
14.975315414152496
14.980863860032805
14.980863860032805
14.986225895316805
15.005417118093176
15.01787842669845
15.024766097963676
15.027322404371585
15.040871934604905
15.059588299024917
15.068493150684931
15.077605321507761
15.09433962264151
15.10989010989011
15.131578947368421
15.136612021857923
15.14251781472684
15.15812431842966
15.166393889798144
15.182960131075914
15.204359673024523
15.208455666470932
15.217391304347828
15.220949263502456
15.224534501642935
15.225878416062466
15.241228070175438
15.244909190974132
15.24741081703107
15.254237288135593
15.256064690026955
15.275504637206765
15.282392026578073
15.296679368535656
15.305010893246187
15.31284302963776
15.316315205327413
15.317286652078774
15.321701199563794
15.325248070562294
15.329275041505259
15.351115949918345
15.357561547479484
15.359477124183007
15.362485615650174
15.406006674082315
15.422885572139302
15.434782608695652
15.435139573070607
15.439170758319696
15.439170758319696
15.439955727725513
15.459989112683722
15.46448087431694
15.518274415817853
15.542521994134898
15.542857142857141
15.591397849462366
15.604395604395604
15.611111111111112
15.61297416162727
15.636960087479496
15.64032697547684
15.647382920110193
15.657392253136933
15.66998892580288
15.670436187399032
15.674494811578372
15.675675675675677
15.700218818380742
15.705882352941178
15.715823466092575
15.72052401746725
15.722924683892249
15.751920965971461
15.760571114772103
15.766262403528113
15.780730897009967
15.789473684210526
15.792349726775956
15.798045602605862
15.803964757709252
15.827338129496402
15.838339705079191
15.853658536585366
15.862451469772601
15.871254162042176
15.880066629650194
15.895481763745236
15.901639344262295
15.90281612368857
15.932572050027188
15.934065934065933
15.937687237866987
15.962698848052662
15.97184623714131
15.978773584905662
15.98248494800219
15.98694942903752
15.995587424158852
16.01325234676974
16.017553483269335
16.062736614386157
16.064480266814897
16.06648199445983
16.07047517351842
16.081229418221735
16.086235489220563
16.08695652173913
16.090060406370128
16.092572658772873
16.10958904109589
16.127262753702688
16.132596685082873
16.15553121577218
16.16602949208083
16.16997792494481
16.170690623245367
16.186252771618626
16.207276736493938
16.208791208791208
16.219119226638025
16.223548562126965
16.23123957754308
16.234124792932082
16.25069328896284
16.2534435261708
16.260162601626014
16.27006087437742
16.272677295217154
16.294277929155314
16.300268096514746
16.30735212824765
16.31089217296114
16.319824753559693
16.32208922742111
16.341991341991342
16.37883008356546
16.38448935008192
16.397099832682656
16.412859560067684
16.41708264004437
16.437603078614625
16.437603078614625
16.474464579901152
16.475722858701584
16.49025069637883
16.49200220628792
16.50219298245614
16.51073197578426
16.519337016574585
16.5266106442577
16.528925619834713
16.529894490035172
16.548720740337508
16.574279379157428
16.57608695652174
16.59340659340659
16.601012943162633
16.602316602316602
16.62065157371618
16.63902708678828
16.63956639566396
16.657350475125767
16.666666666666664
16.685022026431717
16.712479384277078
16.721672167216724
16.731734523145565
16.75454012888108
16.75764192139738
16.757940854326396
16.776677667766776
16.795580110497237
16.805787423483583
16.83222958057395
16.832844574780058
16.840373011519475
16.840946615299945
16.840946615299945
16.878102592388306
16.885964912280702
16.891527253103074
16.917922948073702
16.92892023874118
16.93503609106052
16.952908587257618
16.974972796517953
16.9811320754717
16.987355689939527
17.02361339923119
17.02598120508568
17.030812324929972
17.046085508051082
17.050438596491226
17.097306212204508
17.10739341608203
17.11464618760285
17.120622568093385
17.158774373259053
17.16500553709856
17.16500553709856
17.195325542570952
17.196056955093102
17.20904578047435
17.218543046357617
17.22805080066262
17.233686558839935
17.251131221719458
17.264202978488694
17.272219116825042
17.285318559556785
17.292817679558013
17.310924369747898
17.32152739346984
17.348608837970538
17.358078602620086
17.37242128121607
17.400881057268723
17.412935323383085
17.420066152149946
17.446340121078702
17.448200654307524
17.462932454695224
17.483296213808465
17.51101321585903
17.529215358931552
17.547683923705723
17.547806524184477
17.572062084257205
17.581808097615088
17.585446527012127
17.587939698492463
17.598684210526315
17.604456824512535
17.605216360403084
17.640511964385087
17.650303364589078
17.660044150110377
17.671394799054376
17.71177117711771
17.738359201773836
17.759562841530055
17.76566757493188
17.775293460033538
17.790055248618785
17.81512605042017
17.8157749586321
17.82178217821782
17.847025495750707
17.857142857142858
17.876787678767876
17.87895613548029
17.916207276736493
17.930271167681237
17.939609236234457
17.970049916805326
17.97814207650273
17.982456140350877
18.004338394793926
18.020022246941046
18.029115341545353
18.035516093229745
18.04717498628634
18.058568329718007
18.064516129032256
18.072289156626507
18.080357142857142
18.09470124013529
18.12191103789127
18.15126050420168
18.191902384914034
18.22247065399665
18.22742474916388
18.24212271973466
18.257956448911223
18.262313226342002
18.281335522714834
18.289251547552055
18.39335180055402
18.410958904109588
18.419618528610354
18.450390189520625
18.520578420467185
18.553285477636663
18.58902575587906
18.61878453038674
18.61912846632711
18.63938053097345
18.675721561969443
18.71893981225842
18.731298623578695
18.739542665923032
18.74304783092325
18.75
18.77076411960133
18.81898454746137
18.861607142857142
18.866886688668867
18.878400888395337
18.983807928531547
19.047619047619047
19.068493150684933
19.126589275843006
19.230769230769234
19.273743016759777
19.318816303740928
19.33570581257414
19.344080044469152
19.358407079646017
19.415333701047988
19.429590017825312
19.44289693593315
19.452207937395194
19.565217391304348
19.587628865979383
19.725557461406517
19.741282339707535
19.776536312849164
19.788182831661093
19.788771539744303
19.84687868080094
19.87716359575656
19.88857938718663
20.08953553441522
20.10221465076661
20.229226361031518
20.302860347728547
20.382546323968917
20.58492688413948
20.670391061452513
20.735785953177256
20.751542344363433
20.756948551153165
20.763447079236553
20.778443113772454
20.947922761849032
20.977011494252874
21.04032729398013
21.043577981651378
21.558289396602227
21.57772621809745
21.68322618351841
21.9162363740677
21.93585337915235
22.029988465974625
22.17063261752757
22.24731789949181
22.28808535862478
22.29299363057325
22.31121281464531
22.479721900347624
22.492753623188406
22.505938242280283
22.52519264967398
22.537562604340565
22.745782431646305
22.75659824046921
22.863877430760166
22.870478413068845
22.895821071218364
22.91421856639248
22.91421856639248
23.06791569086651
23.239436619718308
23.47775175644028
23.513215859030836
23.53286384976526
23.53623188405797
23.611922852133254
23.621590249564715
23.623445825932503
23.634204275534444
23.73678025851939
23.75296912114014
23.75366568914956
23.75592417061611
23.829282750444577
23.901581722319857
24.184943687018375
24.188790560471976
24.215512137359386
24.34834123222749
24.381625441696116
24.39313203078745
24.401913875598087
24.537313432835823
24.677608440797187
24.702380952380953
24.795321637426902
24.836601307189543
24.91329479768786
24.92616656822209
24.940898345153663
24.955223880597018
24.985056784219964
25.0
25.074096028452875
25.193107546048722
25.23696682464455
25.239808153477217
25.30827950675279
25.341246290801188
25.370480142264373
25.611940298507463
25.634967513290018
25.65905096660808
25.705705705705707
25.810324129651864
25.829383886255926
25.897129186602868
26.019184652278177
26.094674556213015
26.15476904619076
26.34730538922156
26.490066225165563
26.559714795008915
26.662672258837627
26.678657074340528
26.73444976076555
26.821983273596178
26.98982645122681
27.089508002371073
27.125748502994014
27.32142857142857
27.480457005411907
27.504445761707174
27.52126366950182
27.611044417767104
27.741162372678254
27.761194029850746
27.966101694915253
27.985948477751755
28.00237812128419
28.258293838862556
28.26086956521739
29.347162904209885
29.404690318701142
29.48870392390012
29.86935866983373
30.21021021021021
30.545454545454547
32.06621704475781
42.08675263774912
